-- MySQL dump 10.13  Distrib 5.5.50, for debian-linux-gnu (x86_64)
--
-- Host: localhost    Database: OPL
-- ------------------------------------------------------
-- Server version	5.5.50-0ubuntu0.14.04.1

/*!40101 SET @OLD_CHARACTER_SET_CLIENT=@@CHARACTER_SET_CLIENT */;
/*!40101 SET @OLD_CHARACTER_SET_RESULTS=@@CHARACTER_SET_RESULTS */;
/*!40101 SET @OLD_COLLATION_CONNECTION=@@COLLATION_CONNECTION */;
/*!40101 SET NAMES utf8 */;
/*!40103 SET @OLD_TIME_ZONE=@@TIME_ZONE */;
/*!40103 SET TIME_ZONE='+00:00' */;
/*!40014 SET @OLD_UNIQUE_CHECKS=@@UNIQUE_CHECKS, UNIQUE_CHECKS=0 */;
/*!40014 SET @OLD_FOREIGN_KEY_CHECKS=@@FOREIGN_KEY_CHECKS, FOREIGN_KEY_CHECKS=0 */;
/*!40101 SET @OLD_SQL_MODE=@@SQL_MODE, SQL_MODE='NO_AUTO_VALUE_ON_ZERO' */;
/*!40111 SET @OLD_SQL_NOTES=@@SQL_NOTES, SQL_NOTES=0 */;

--
-- Table structure for table `admin`
--

DROP TABLE IF EXISTS `admin`;
/*!40101 SET @saved_cs_client     = @@character_set_client */;
/*!40101 SET character_set_client = utf8 */;
CREATE TABLE `admin` (
  `id` int(3) NOT NULL AUTO_INCREMENT,
  `username` varchar(100) DEFAULT NULL,
  `password` varchar(50) NOT NULL,
  PRIMARY KEY (`id`)
) ENGINE=InnoDB AUTO_INCREMENT=3 DEFAULT CHARSET=latin1;
/*!40101 SET character_set_client = @saved_cs_client */;

--
-- Dumping data for table `admin`
--

LOCK TABLES `admin` WRITE;
/*!40000 ALTER TABLE `admin` DISABLE KEYS */;
INSERT INTO `admin` VALUES (1,'vikash.kumar@osscube.com','vikash'),(2,'jyoti.kumari@osscube.com','jyoti');
/*!40000 ALTER TABLE `admin` ENABLE KEYS */;
UNLOCK TABLES;

--
-- Table structure for table `ball`
--

DROP TABLE IF EXISTS `ball`;
/*!40101 SET @saved_cs_client     = @@character_set_client */;
/*!40101 SET character_set_client = utf8 */;
CREATE TABLE `ball` (
  `id` int(3) NOT NULL AUTO_INCREMENT,
  `over_id` int(3) NOT NULL,
  `wide` int(11) NOT NULL,
  `noball` int(3) NOT NULL,
  `wicket` int(3) NOT NULL,
  `run` int(3) NOT NULL,
  `score` varchar(50) NOT NULL,
  `batsman_id` int(3) DEFAULT NULL,
  `ball_id` int(3) DEFAULT NULL,
  `match_id` char(32) DEFAULT NULL,
  `team_id` char(32) DEFAULT NULL,
  `tournament_id` char(32) DEFAULT NULL,
  `bowler_id` int(3) DEFAULT NULL,
  PRIMARY KEY (`id`)
) ENGINE=InnoDB AUTO_INCREMENT=1141 DEFAULT CHARSET=latin1;
/*!40101 SET character_set_client = @saved_cs_client */;

--
-- Dumping data for table `ball`
--

LOCK TABLES `ball` WRITE;
/*!40000 ALTER TABLE `ball` DISABLE KEYS */;
INSERT INTO `ball` VALUES (1,1,0,0,0,0,'0',1,1,'56d9f02a-516b-11e5-906d-94de80c7','3e527be0-4253-11e5-b03f-554c22cd',NULL,2),(2,1,0,0,0,0,'0',1,2,'56d9f02a-516b-11e5-906d-94de80c7','3e527be0-4253-11e5-b03f-554c22cd',NULL,2),(3,1,0,0,0,0,'0',1,3,'56d9f02a-516b-11e5-906d-94de80c7','3e527be0-4253-11e5-b03f-554c22cd',NULL,2),(4,1,0,0,0,0,'0',1,4,'56d9f02a-516b-11e5-906d-94de80c7','3e527be0-4253-11e5-b03f-554c22cd',NULL,2),(5,1,0,0,0,0,'0',1,5,'56d9f02a-516b-11e5-906d-94de80c7','3e527be0-4253-11e5-b03f-554c22cd',NULL,2),(6,1,0,0,0,0,'0',1,6,'56d9f02a-516b-11e5-906d-94de80c7','3e527be0-4253-11e5-b03f-554c22cd',NULL,2),(7,2,0,0,0,0,'0',4,1,'56d9f02a-516b-11e5-906d-94de80c7','3e527be0-4253-11e5-b03f-554c22cd',NULL,5),(8,2,0,0,0,0,'0',4,2,'56d9f02a-516b-11e5-906d-94de80c7','3e527be0-4253-11e5-b03f-554c22cd',NULL,5),(9,2,0,0,0,0,'0',4,3,'56d9f02a-516b-11e5-906d-94de80c7','3e527be0-4253-11e5-b03f-554c22cd',NULL,5),(10,2,0,0,0,0,'0',4,4,'56d9f02a-516b-11e5-906d-94de80c7','3e527be0-4253-11e5-b03f-554c22cd',NULL,5),(11,2,0,0,0,0,'0',4,5,'56d9f02a-516b-11e5-906d-94de80c7','3e527be0-4253-11e5-b03f-554c22cd',NULL,5),(12,2,0,0,0,0,'0',4,6,'56d9f02a-516b-11e5-906d-94de80c7','3e527be0-4253-11e5-b03f-554c22cd',NULL,5),(13,3,0,0,0,0,'0',2,1,'56d9f02a-516b-11e5-906d-94de80c7','3e527be1-4253-11e5-b03f-554c22cd',NULL,1),(14,1,0,0,0,0,'0',1,1,'56d9f02a-516b-11e5-906d-94de80c7','3e527be0-4253-11e5-b03f-554c22cd',NULL,2),(15,1,0,0,0,0,'0',1,2,'56d9f02a-516b-11e5-906d-94de80c7','3e527be0-4253-11e5-b03f-554c22cd',NULL,2),(16,1,0,0,0,0,'0',1,3,'56d9f02a-516b-11e5-906d-94de80c7','3e527be0-4253-11e5-b03f-554c22cd',NULL,2),(17,1,0,0,0,0,'0',1,4,'56d9f02a-516b-11e5-906d-94de80c7','3e527be0-4253-11e5-b03f-554c22cd',NULL,2),(18,1,0,0,0,0,'0',1,5,'56d9f02a-516b-11e5-906d-94de80c7','3e527be0-4253-11e5-b03f-554c22cd',NULL,2),(19,1,0,0,0,0,'0',1,6,'56d9f02a-516b-11e5-906d-94de80c7','3e527be0-4253-11e5-b03f-554c22cd',NULL,2),(20,2,0,0,0,0,'0',4,1,'56d9f02a-516b-11e5-906d-94de80c7','3e527be0-4253-11e5-b03f-554c22cd',NULL,5),(21,2,0,0,0,0,'0',4,2,'56d9f02a-516b-11e5-906d-94de80c7','3e527be0-4253-11e5-b03f-554c22cd',NULL,5),(22,2,0,0,0,0,'0',4,3,'56d9f02a-516b-11e5-906d-94de80c7','3e527be0-4253-11e5-b03f-554c22cd',NULL,5),(23,2,0,0,0,0,'0',4,4,'56d9f02a-516b-11e5-906d-94de80c7','3e527be0-4253-11e5-b03f-554c22cd',NULL,5),(24,2,0,0,0,0,'0',4,5,'56d9f02a-516b-11e5-906d-94de80c7','3e527be0-4253-11e5-b03f-554c22cd',NULL,5),(25,2,0,0,0,0,'0',4,6,'56d9f02a-516b-11e5-906d-94de80c7','3e527be0-4253-11e5-b03f-554c22cd',NULL,5),(26,3,0,0,0,0,'0',2,1,'56d9f02a-516b-11e5-906d-94de80c7','3e527be1-4253-11e5-b03f-554c22cd',NULL,1),(27,1,0,0,0,0,'0',1,1,'56d9f02a-516b-11e5-906d-94de80c7','3e527be0-4253-11e5-b03f-554c22cd',NULL,2),(28,1,0,0,0,0,'0',1,2,'56d9f02a-516b-11e5-906d-94de80c7','3e527be0-4253-11e5-b03f-554c22cd',NULL,2),(29,1,0,0,0,0,'0',1,3,'56d9f02a-516b-11e5-906d-94de80c7','3e527be0-4253-11e5-b03f-554c22cd',NULL,2),(30,1,0,0,0,0,'0',1,4,'56d9f02a-516b-11e5-906d-94de80c7','3e527be0-4253-11e5-b03f-554c22cd',NULL,2),(31,1,0,0,0,0,'0',1,5,'56d9f02a-516b-11e5-906d-94de80c7','3e527be0-4253-11e5-b03f-554c22cd',NULL,2),(32,1,0,0,0,0,'0',1,6,'56d9f02a-516b-11e5-906d-94de80c7','3e527be0-4253-11e5-b03f-554c22cd',NULL,2),(33,2,0,0,0,0,'0',4,1,'56d9f02a-516b-11e5-906d-94de80c7','3e527be0-4253-11e5-b03f-554c22cd',NULL,5),(34,2,0,0,0,0,'0',4,2,'56d9f02a-516b-11e5-906d-94de80c7','3e527be0-4253-11e5-b03f-554c22cd',NULL,5),(35,2,0,0,0,0,'0',4,3,'56d9f02a-516b-11e5-906d-94de80c7','3e527be0-4253-11e5-b03f-554c22cd',NULL,5),(36,2,0,0,0,0,'0',4,4,'56d9f02a-516b-11e5-906d-94de80c7','3e527be0-4253-11e5-b03f-554c22cd',NULL,5),(37,2,0,0,0,0,'0',4,5,'56d9f02a-516b-11e5-906d-94de80c7','3e527be0-4253-11e5-b03f-554c22cd',NULL,5),(38,2,0,0,0,0,'0',4,6,'56d9f02a-516b-11e5-906d-94de80c7','3e527be0-4253-11e5-b03f-554c22cd',NULL,5),(39,3,0,0,0,0,'0',2,1,'56d9f02a-516b-11e5-906d-94de80c7','3e527be1-4253-11e5-b03f-554c22cd',NULL,1),(40,3,0,0,0,0,'0',2,2,'56d9f02a-516b-11e5-906d-94de80c7','3e527be1-4253-11e5-b03f-554c22cd',NULL,1),(41,3,0,0,0,0,'0',2,3,'56d9f02a-516b-11e5-906d-94de80c7','3e527be1-4253-11e5-b03f-554c22cd',NULL,1),(42,3,0,0,0,0,'0',2,4,'56d9f02a-516b-11e5-906d-94de80c7','3e527be1-4253-11e5-b03f-554c22cd',NULL,1),(43,3,0,0,0,0,'0',2,5,'56d9f02a-516b-11e5-906d-94de80c7','3e527be1-4253-11e5-b03f-554c22cd',NULL,1),(44,3,0,0,0,0,'0',2,6,'56d9f02a-516b-11e5-906d-94de80c7','3e527be1-4253-11e5-b03f-554c22cd',NULL,1),(45,4,0,0,0,0,'0',5,1,'56d9f02a-516b-11e5-906d-94de80c7','3e527be1-4253-11e5-b03f-554c22cd',NULL,6),(46,4,0,0,0,0,'0',5,2,'56d9f02a-516b-11e5-906d-94de80c7','3e527be1-4253-11e5-b03f-554c22cd',NULL,6),(47,4,0,0,0,0,'0',5,3,'56d9f02a-516b-11e5-906d-94de80c7','3e527be1-4253-11e5-b03f-554c22cd',NULL,6),(48,4,0,0,0,0,'0',5,4,'56d9f02a-516b-11e5-906d-94de80c7','3e527be1-4253-11e5-b03f-554c22cd',NULL,6),(49,4,0,0,0,0,'0',5,5,'56d9f02a-516b-11e5-906d-94de80c7','3e527be1-4253-11e5-b03f-554c22cd',NULL,6),(50,4,0,0,0,0,'0',5,6,'56d9f02a-516b-11e5-906d-94de80c7','3e527be1-4253-11e5-b03f-554c22cd',NULL,6),(51,5,0,0,0,0,'0',2,1,'56d9f02a-516b-11e5-906d-94de80c7','3e527be1-4253-11e5-b03f-554c22cd',NULL,6),(52,1,0,0,0,0,'0',1,1,'56d9f02a-516b-11e5-906d-94de80c7','3e527be0-4253-11e5-b03f-554c22cd',NULL,5),(53,1,0,0,0,0,'0',1,2,'56d9f02a-516b-11e5-906d-94de80c7','3e527be0-4253-11e5-b03f-554c22cd',NULL,5),(54,1,0,0,0,0,'0',1,3,'56d9f02a-516b-11e5-906d-94de80c7','3e527be0-4253-11e5-b03f-554c22cd',NULL,5),(55,1,0,0,0,0,'0',1,4,'56d9f02a-516b-11e5-906d-94de80c7','3e527be0-4253-11e5-b03f-554c22cd',NULL,5),(56,1,0,0,0,0,'0',1,5,'56d9f02a-516b-11e5-906d-94de80c7','3e527be0-4253-11e5-b03f-554c22cd',NULL,5),(57,1,0,0,0,0,'0',1,6,'56d9f02a-516b-11e5-906d-94de80c7','3e527be0-4253-11e5-b03f-554c22cd',NULL,5),(58,2,0,0,0,0,'0',6,1,'56d9f02a-516b-11e5-906d-94de80c7','3e527be0-4253-11e5-b03f-554c22cd',NULL,5),(59,2,0,0,0,0,'0',6,2,'56d9f02a-516b-11e5-906d-94de80c7','3e527be0-4253-11e5-b03f-554c22cd',NULL,5),(60,2,0,0,0,0,'0',6,3,'56d9f02a-516b-11e5-906d-94de80c7','3e527be0-4253-11e5-b03f-554c22cd',NULL,5),(61,2,0,0,0,0,'0',6,4,'56d9f02a-516b-11e5-906d-94de80c7','3e527be0-4253-11e5-b03f-554c22cd',NULL,5),(62,2,0,0,0,0,'0',6,5,'56d9f02a-516b-11e5-906d-94de80c7','3e527be0-4253-11e5-b03f-554c22cd',NULL,5),(63,2,0,0,0,0,'0',6,6,'56d9f02a-516b-11e5-906d-94de80c7','3e527be0-4253-11e5-b03f-554c22cd',NULL,5),(64,3,0,0,0,0,'0',2,1,'56d9f02a-516b-11e5-906d-94de80c7','3e527be1-4253-11e5-b03f-554c22cd',NULL,1),(65,3,0,0,0,0,'0',2,2,'56d9f02a-516b-11e5-906d-94de80c7','3e527be1-4253-11e5-b03f-554c22cd',NULL,1),(66,3,0,0,0,0,'0',2,3,'56d9f02a-516b-11e5-906d-94de80c7','3e527be1-4253-11e5-b03f-554c22cd',NULL,1),(67,3,0,0,0,0,'0',2,4,'56d9f02a-516b-11e5-906d-94de80c7','3e527be1-4253-11e5-b03f-554c22cd',NULL,1),(68,3,0,0,0,0,'0',2,5,'56d9f02a-516b-11e5-906d-94de80c7','3e527be1-4253-11e5-b03f-554c22cd',NULL,1),(69,3,0,0,0,0,'0',2,6,'56d9f02a-516b-11e5-906d-94de80c7','3e527be1-4253-11e5-b03f-554c22cd',NULL,1),(70,4,0,0,0,0,'0',5,1,'56d9f02a-516b-11e5-906d-94de80c7','3e527be1-4253-11e5-b03f-554c22cd',NULL,6),(71,4,0,0,0,0,'0',5,2,'56d9f02a-516b-11e5-906d-94de80c7','3e527be1-4253-11e5-b03f-554c22cd',NULL,6),(72,4,0,0,0,0,'0',5,3,'56d9f02a-516b-11e5-906d-94de80c7','3e527be1-4253-11e5-b03f-554c22cd',NULL,6),(73,4,0,0,0,0,'0',5,4,'56d9f02a-516b-11e5-906d-94de80c7','3e527be1-4253-11e5-b03f-554c22cd',NULL,6),(74,4,0,0,0,0,'0',5,5,'56d9f02a-516b-11e5-906d-94de80c7','3e527be1-4253-11e5-b03f-554c22cd',NULL,6),(75,4,0,0,0,0,'0',5,6,'56d9f02a-516b-11e5-906d-94de80c7','3e527be1-4253-11e5-b03f-554c22cd',NULL,6),(76,1,0,0,0,0,'0',1,1,'56d9f02a-516b-11e5-906d-94de80c7','3e527be0-4253-11e5-b03f-554c22cd',NULL,5),(77,1,0,0,0,0,'0',1,2,'56d9f02a-516b-11e5-906d-94de80c7','3e527be0-4253-11e5-b03f-554c22cd',NULL,5),(78,1,0,0,0,0,'0',1,3,'56d9f02a-516b-11e5-906d-94de80c7','3e527be0-4253-11e5-b03f-554c22cd',NULL,5),(79,1,0,0,0,0,'0',1,4,'56d9f02a-516b-11e5-906d-94de80c7','3e527be0-4253-11e5-b03f-554c22cd',NULL,5),(80,1,0,0,0,0,'0',1,5,'56d9f02a-516b-11e5-906d-94de80c7','3e527be0-4253-11e5-b03f-554c22cd',NULL,5),(81,1,0,0,0,0,'0',1,6,'56d9f02a-516b-11e5-906d-94de80c7','3e527be0-4253-11e5-b03f-554c22cd',NULL,5),(82,2,0,0,0,0,'0',6,1,'56d9f02a-516b-11e5-906d-94de80c7','3e527be0-4253-11e5-b03f-554c22cd',NULL,2),(83,2,0,0,0,0,'0',6,2,'56d9f02a-516b-11e5-906d-94de80c7','3e527be0-4253-11e5-b03f-554c22cd',NULL,2),(84,2,0,0,0,0,'0',6,3,'56d9f02a-516b-11e5-906d-94de80c7','3e527be0-4253-11e5-b03f-554c22cd',NULL,2),(85,2,0,0,0,0,'0',6,4,'56d9f02a-516b-11e5-906d-94de80c7','3e527be0-4253-11e5-b03f-554c22cd',NULL,2),(86,2,0,0,0,0,'0',6,5,'56d9f02a-516b-11e5-906d-94de80c7','3e527be0-4253-11e5-b03f-554c22cd',NULL,2),(87,2,0,0,0,0,'0',6,6,'56d9f02a-516b-11e5-906d-94de80c7','3e527be0-4253-11e5-b03f-554c22cd',NULL,2),(88,3,0,0,0,0,'0',2,1,'56d9f02a-516b-11e5-906d-94de80c7','3e527be1-4253-11e5-b03f-554c22cd',NULL,1),(89,1,0,0,0,0,'0',1,1,'56d9f02a-516b-11e5-906d-94de80c7','3e527be0-4253-11e5-b03f-554c22cd',NULL,2),(90,1,0,0,0,0,'0',1,2,'56d9f02a-516b-11e5-906d-94de80c7','3e527be0-4253-11e5-b03f-554c22cd',NULL,2),(91,1,0,0,0,0,'0',1,3,'56d9f02a-516b-11e5-906d-94de80c7','3e527be0-4253-11e5-b03f-554c22cd',NULL,2),(92,1,0,0,0,0,'0',1,4,'56d9f02a-516b-11e5-906d-94de80c7','3e527be0-4253-11e5-b03f-554c22cd',NULL,2),(93,1,0,0,0,0,'0',1,5,'56d9f02a-516b-11e5-906d-94de80c7','3e527be0-4253-11e5-b03f-554c22cd',NULL,2),(94,1,0,0,0,0,'0',1,6,'56d9f02a-516b-11e5-906d-94de80c7','3e527be0-4253-11e5-b03f-554c22cd',NULL,2),(95,2,0,0,0,0,'0',4,1,'56d9f02a-516b-11e5-906d-94de80c7','3e527be0-4253-11e5-b03f-554c22cd',NULL,2),(96,2,0,0,0,0,'0',4,2,'56d9f02a-516b-11e5-906d-94de80c7','3e527be0-4253-11e5-b03f-554c22cd',NULL,2),(97,2,0,0,0,0,'0',4,3,'56d9f02a-516b-11e5-906d-94de80c7','3e527be0-4253-11e5-b03f-554c22cd',NULL,2),(98,2,0,0,0,0,'0',4,4,'56d9f02a-516b-11e5-906d-94de80c7','3e527be0-4253-11e5-b03f-554c22cd',NULL,2),(99,2,0,0,0,0,'0',4,5,'56d9f02a-516b-11e5-906d-94de80c7','3e527be0-4253-11e5-b03f-554c22cd',NULL,2),(100,2,0,0,0,0,'0',4,6,'56d9f02a-516b-11e5-906d-94de80c7','3e527be0-4253-11e5-b03f-554c22cd',NULL,2),(101,1,0,0,0,0,'0',2,1,'56d9f02a-516b-11e5-906d-94de80c7','3e527be1-4253-11e5-b03f-554c22cd',NULL,1),(102,1,0,0,0,0,'0',2,2,'56d9f02a-516b-11e5-906d-94de80c7','3e527be1-4253-11e5-b03f-554c22cd',NULL,1),(103,1,0,0,0,0,'0',2,3,'56d9f02a-516b-11e5-906d-94de80c7','3e527be1-4253-11e5-b03f-554c22cd',NULL,1),(104,1,0,0,0,0,'0',2,4,'56d9f02a-516b-11e5-906d-94de80c7','3e527be1-4253-11e5-b03f-554c22cd',NULL,1),(105,1,0,0,0,0,'0',2,5,'56d9f02a-516b-11e5-906d-94de80c7','3e527be1-4253-11e5-b03f-554c22cd',NULL,1),(106,1,0,0,0,0,'0',2,6,'56d9f02a-516b-11e5-906d-94de80c7','3e527be1-4253-11e5-b03f-554c22cd',NULL,1),(107,2,0,0,0,0,'0',5,1,'56d9f02a-516b-11e5-906d-94de80c7','3e527be1-4253-11e5-b03f-554c22cd',NULL,6),(108,2,0,0,0,0,'0',5,2,'56d9f02a-516b-11e5-906d-94de80c7','3e527be1-4253-11e5-b03f-554c22cd',NULL,6),(109,2,0,0,0,0,'0',5,3,'56d9f02a-516b-11e5-906d-94de80c7','3e527be1-4253-11e5-b03f-554c22cd',NULL,6),(110,2,0,0,0,0,'0',5,4,'56d9f02a-516b-11e5-906d-94de80c7','3e527be1-4253-11e5-b03f-554c22cd',NULL,6),(111,2,0,0,0,0,'0',5,5,'56d9f02a-516b-11e5-906d-94de80c7','3e527be1-4253-11e5-b03f-554c22cd',NULL,6),(112,1,0,0,0,0,'0',1,1,'56d9f02a-516b-11e5-906d-94de80c7','3e527be0-4253-11e5-b03f-554c22cd',NULL,5),(113,1,0,0,0,0,'0',1,2,'56d9f02a-516b-11e5-906d-94de80c7','3e527be0-4253-11e5-b03f-554c22cd',NULL,5),(114,1,0,0,0,0,'0',1,3,'56d9f02a-516b-11e5-906d-94de80c7','3e527be0-4253-11e5-b03f-554c22cd',NULL,5),(115,1,0,0,0,0,'0',1,4,'56d9f02a-516b-11e5-906d-94de80c7','3e527be0-4253-11e5-b03f-554c22cd',NULL,5),(116,1,0,0,0,0,'0',1,5,'56d9f02a-516b-11e5-906d-94de80c7','3e527be0-4253-11e5-b03f-554c22cd',NULL,5),(117,1,0,0,0,0,'0',1,6,'56d9f02a-516b-11e5-906d-94de80c7','3e527be0-4253-11e5-b03f-554c22cd',NULL,5),(118,2,0,0,0,0,'0',4,1,'56d9f02a-516b-11e5-906d-94de80c7','3e527be0-4253-11e5-b03f-554c22cd',NULL,5),(119,2,0,0,0,0,'0',4,2,'56d9f02a-516b-11e5-906d-94de80c7','3e527be0-4253-11e5-b03f-554c22cd',NULL,5),(120,2,0,0,0,0,'0',4,3,'56d9f02a-516b-11e5-906d-94de80c7','3e527be0-4253-11e5-b03f-554c22cd',NULL,5),(121,2,0,0,0,0,'0',4,4,'56d9f02a-516b-11e5-906d-94de80c7','3e527be0-4253-11e5-b03f-554c22cd',NULL,5),(122,2,0,0,0,0,'0',4,5,'56d9f02a-516b-11e5-906d-94de80c7','3e527be0-4253-11e5-b03f-554c22cd',NULL,5),(123,2,0,0,0,0,'0',4,6,'56d9f02a-516b-11e5-906d-94de80c7','3e527be0-4253-11e5-b03f-554c22cd',NULL,5),(124,1,0,0,0,0,'0',2,1,'56d9f02a-516b-11e5-906d-94de80c7','3e527be1-4253-11e5-b03f-554c22cd',NULL,1),(125,1,0,0,0,0,'0',2,2,'56d9f02a-516b-11e5-906d-94de80c7','3e527be1-4253-11e5-b03f-554c22cd',NULL,1),(126,1,0,0,0,0,'0',2,3,'56d9f02a-516b-11e5-906d-94de80c7','3e527be1-4253-11e5-b03f-554c22cd',NULL,1),(127,1,0,0,0,0,'0',2,4,'56d9f02a-516b-11e5-906d-94de80c7','3e527be1-4253-11e5-b03f-554c22cd',NULL,1),(128,1,0,0,0,0,'0',2,5,'56d9f02a-516b-11e5-906d-94de80c7','3e527be1-4253-11e5-b03f-554c22cd',NULL,1),(129,1,0,0,0,0,'0',2,6,'56d9f02a-516b-11e5-906d-94de80c7','3e527be1-4253-11e5-b03f-554c22cd',NULL,1),(130,2,0,0,0,0,'0',5,1,'56d9f02a-516b-11e5-906d-94de80c7','3e527be1-4253-11e5-b03f-554c22cd',NULL,6),(131,2,0,0,0,0,'0',5,2,'56d9f02a-516b-11e5-906d-94de80c7','3e527be1-4253-11e5-b03f-554c22cd',NULL,6),(132,2,0,0,0,0,'0',5,3,'56d9f02a-516b-11e5-906d-94de80c7','3e527be1-4253-11e5-b03f-554c22cd',NULL,6),(133,2,0,0,0,0,'0',5,4,'56d9f02a-516b-11e5-906d-94de80c7','3e527be1-4253-11e5-b03f-554c22cd',NULL,6),(134,2,0,0,0,0,'0',5,5,'56d9f02a-516b-11e5-906d-94de80c7','3e527be1-4253-11e5-b03f-554c22cd',NULL,6),(135,2,0,0,0,0,'0',5,6,'56d9f02a-516b-11e5-906d-94de80c7','3e527be1-4253-11e5-b03f-554c22cd',NULL,6),(136,1,0,0,0,0,'0',1,1,'56d9f02a-516b-11e5-906d-94de80c7','3e527be0-4253-11e5-b03f-554c22cd',NULL,2),(137,1,0,0,0,0,'0',1,2,'56d9f02a-516b-11e5-906d-94de80c7','3e527be0-4253-11e5-b03f-554c22cd',NULL,2),(138,1,0,0,0,0,'0',1,3,'56d9f02a-516b-11e5-906d-94de80c7','3e527be0-4253-11e5-b03f-554c22cd',NULL,2),(139,1,0,0,0,0,'0',1,4,'56d9f02a-516b-11e5-906d-94de80c7','3e527be0-4253-11e5-b03f-554c22cd',NULL,2),(140,1,0,0,0,0,'0',1,5,'56d9f02a-516b-11e5-906d-94de80c7','3e527be0-4253-11e5-b03f-554c22cd',NULL,2),(141,1,0,0,0,0,'0',1,6,'56d9f02a-516b-11e5-906d-94de80c7','3e527be0-4253-11e5-b03f-554c22cd',NULL,2),(142,2,0,0,0,0,'0',4,1,'56d9f02a-516b-11e5-906d-94de80c7','3e527be0-4253-11e5-b03f-554c22cd',NULL,2),(143,2,0,0,0,0,'0',4,2,'56d9f02a-516b-11e5-906d-94de80c7','3e527be0-4253-11e5-b03f-554c22cd',NULL,2),(144,2,0,0,0,0,'0',4,3,'56d9f02a-516b-11e5-906d-94de80c7','3e527be0-4253-11e5-b03f-554c22cd',NULL,2),(145,2,0,0,0,0,'0',4,4,'56d9f02a-516b-11e5-906d-94de80c7','3e527be0-4253-11e5-b03f-554c22cd',NULL,2),(146,2,0,0,0,0,'0',4,5,'56d9f02a-516b-11e5-906d-94de80c7','3e527be0-4253-11e5-b03f-554c22cd',NULL,2),(147,2,0,0,0,0,'0',4,6,'56d9f02a-516b-11e5-906d-94de80c7','3e527be0-4253-11e5-b03f-554c22cd',NULL,2),(148,3,0,0,0,0,'0',2,1,'56d9f02a-516b-11e5-906d-94de80c7','3e527be1-4253-11e5-b03f-554c22cd',NULL,4),(149,1,0,0,0,0,'0',1,1,'56d9f02a-516b-11e5-906d-94de80c7','3e527be0-4253-11e5-b03f-554c22cd',NULL,2),(150,1,0,0,0,0,'0',1,2,'56d9f02a-516b-11e5-906d-94de80c7','3e527be0-4253-11e5-b03f-554c22cd',NULL,2),(151,1,0,0,0,0,'0',1,3,'56d9f02a-516b-11e5-906d-94de80c7','3e527be0-4253-11e5-b03f-554c22cd',NULL,2),(152,1,0,0,0,0,'0',1,4,'56d9f02a-516b-11e5-906d-94de80c7','3e527be0-4253-11e5-b03f-554c22cd',NULL,2),(153,1,0,0,0,0,'0',1,5,'56d9f02a-516b-11e5-906d-94de80c7','3e527be0-4253-11e5-b03f-554c22cd',NULL,2),(154,1,0,0,0,0,'0',1,6,'56d9f02a-516b-11e5-906d-94de80c7','3e527be0-4253-11e5-b03f-554c22cd',NULL,2),(155,2,0,0,0,0,'0',4,1,'56d9f02a-516b-11e5-906d-94de80c7','3e527be0-4253-11e5-b03f-554c22cd',NULL,5),(156,2,0,0,0,0,'0',4,2,'56d9f02a-516b-11e5-906d-94de80c7','3e527be0-4253-11e5-b03f-554c22cd',NULL,5),(157,2,0,0,0,0,'0',4,3,'56d9f02a-516b-11e5-906d-94de80c7','3e527be0-4253-11e5-b03f-554c22cd',NULL,5),(158,2,0,0,0,0,'0',4,4,'56d9f02a-516b-11e5-906d-94de80c7','3e527be0-4253-11e5-b03f-554c22cd',NULL,5),(159,2,0,0,0,0,'0',4,5,'56d9f02a-516b-11e5-906d-94de80c7','3e527be0-4253-11e5-b03f-554c22cd',NULL,5),(160,2,0,0,0,0,'0',4,6,'56d9f02a-516b-11e5-906d-94de80c7','3e527be0-4253-11e5-b03f-554c22cd',NULL,5),(161,3,0,0,0,0,'0',2,1,'56d9f02a-516b-11e5-906d-94de80c7','3e527be1-4253-11e5-b03f-554c22cd',NULL,1),(162,1,0,0,0,0,'0',1,1,'56d9f02a-516b-11e5-906d-94de80c7','3e527be0-4253-11e5-b03f-554c22cd',NULL,2),(163,1,0,0,0,0,'0',1,2,'56d9f02a-516b-11e5-906d-94de80c7','3e527be0-4253-11e5-b03f-554c22cd',NULL,2),(164,1,0,0,0,0,'0',1,3,'56d9f02a-516b-11e5-906d-94de80c7','3e527be0-4253-11e5-b03f-554c22cd',NULL,2),(165,1,0,0,0,0,'0',1,4,'56d9f02a-516b-11e5-906d-94de80c7','3e527be0-4253-11e5-b03f-554c22cd',NULL,2),(166,1,0,0,0,0,'0',1,5,'56d9f02a-516b-11e5-906d-94de80c7','3e527be0-4253-11e5-b03f-554c22cd',NULL,2),(167,1,0,0,0,0,'0',1,6,'56d9f02a-516b-11e5-906d-94de80c7','3e527be0-4253-11e5-b03f-554c22cd',NULL,2),(168,2,0,0,0,0,'0',4,1,'56d9f02a-516b-11e5-906d-94de80c7','3e527be0-4253-11e5-b03f-554c22cd',NULL,5),(169,2,0,0,0,0,'0',4,2,'56d9f02a-516b-11e5-906d-94de80c7','3e527be0-4253-11e5-b03f-554c22cd',NULL,5),(170,2,0,0,0,0,'0',4,3,'56d9f02a-516b-11e5-906d-94de80c7','3e527be0-4253-11e5-b03f-554c22cd',NULL,5),(171,2,0,0,0,0,'0',4,4,'56d9f02a-516b-11e5-906d-94de80c7','3e527be0-4253-11e5-b03f-554c22cd',NULL,5),(172,2,0,0,0,0,'0',4,5,'56d9f02a-516b-11e5-906d-94de80c7','3e527be0-4253-11e5-b03f-554c22cd',NULL,5),(173,2,0,0,0,0,'0',4,6,'56d9f02a-516b-11e5-906d-94de80c7','3e527be0-4253-11e5-b03f-554c22cd',NULL,5),(174,3,0,0,0,0,'0',2,1,'56d9f02a-516b-11e5-906d-94de80c7','3e527be1-4253-11e5-b03f-554c22cd',NULL,1),(175,3,0,0,0,0,'0',2,2,'56d9f02a-516b-11e5-906d-94de80c7','3e527be1-4253-11e5-b03f-554c22cd',NULL,1),(176,3,0,0,0,0,'0',2,3,'56d9f02a-516b-11e5-906d-94de80c7','3e527be1-4253-11e5-b03f-554c22cd',NULL,1),(177,3,0,0,0,0,'0',2,4,'56d9f02a-516b-11e5-906d-94de80c7','3e527be1-4253-11e5-b03f-554c22cd',NULL,1),(178,3,0,0,0,0,'0',2,5,'56d9f02a-516b-11e5-906d-94de80c7','3e527be1-4253-11e5-b03f-554c22cd',NULL,1),(179,3,0,0,0,0,'0',2,6,'56d9f02a-516b-11e5-906d-94de80c7','3e527be1-4253-11e5-b03f-554c22cd',NULL,1),(180,4,0,0,0,0,'0',5,1,'56d9f02a-516b-11e5-906d-94de80c7','3e527be1-4253-11e5-b03f-554c22cd',NULL,4),(181,4,0,0,0,0,'0',5,2,'56d9f02a-516b-11e5-906d-94de80c7','3e527be1-4253-11e5-b03f-554c22cd',NULL,4),(182,4,0,0,0,0,'0',5,3,'56d9f02a-516b-11e5-906d-94de80c7','3e527be1-4253-11e5-b03f-554c22cd',NULL,4),(183,4,0,0,0,0,'0',5,4,'56d9f02a-516b-11e5-906d-94de80c7','3e527be1-4253-11e5-b03f-554c22cd',NULL,4),(184,4,0,0,0,0,'0',5,5,'56d9f02a-516b-11e5-906d-94de80c7','3e527be1-4253-11e5-b03f-554c22cd',NULL,4),(185,4,0,0,0,0,'0',5,6,'56d9f02a-516b-11e5-906d-94de80c7','3e527be1-4253-11e5-b03f-554c22cd',NULL,4),(186,1,0,0,0,0,'0',1,1,'56d9f02a-516b-11e5-906d-94de80c7','3e527be0-4253-11e5-b03f-554c22cd',NULL,2),(187,1,0,0,0,0,'0',1,2,'56d9f02a-516b-11e5-906d-94de80c7','3e527be0-4253-11e5-b03f-554c22cd',NULL,2),(188,1,0,0,0,0,'0',1,3,'56d9f02a-516b-11e5-906d-94de80c7','3e527be0-4253-11e5-b03f-554c22cd',NULL,2),(189,1,0,0,0,0,'0',1,4,'56d9f02a-516b-11e5-906d-94de80c7','3e527be0-4253-11e5-b03f-554c22cd',NULL,2),(190,1,0,0,0,0,'0',1,5,'56d9f02a-516b-11e5-906d-94de80c7','3e527be0-4253-11e5-b03f-554c22cd',NULL,2),(191,1,0,0,0,0,'0',1,6,'56d9f02a-516b-11e5-906d-94de80c7','3e527be0-4253-11e5-b03f-554c22cd',NULL,2),(192,2,0,0,0,0,'0',4,1,'56d9f02a-516b-11e5-906d-94de80c7','3e527be0-4253-11e5-b03f-554c22cd',NULL,5),(193,2,0,0,0,0,'0',4,2,'56d9f02a-516b-11e5-906d-94de80c7','3e527be0-4253-11e5-b03f-554c22cd',NULL,5),(194,2,0,0,0,0,'0',4,3,'56d9f02a-516b-11e5-906d-94de80c7','3e527be0-4253-11e5-b03f-554c22cd',NULL,5),(195,2,0,0,0,0,'0',4,4,'56d9f02a-516b-11e5-906d-94de80c7','3e527be0-4253-11e5-b03f-554c22cd',NULL,5),(196,2,0,0,0,0,'0',4,5,'56d9f02a-516b-11e5-906d-94de80c7','3e527be0-4253-11e5-b03f-554c22cd',NULL,5),(197,2,0,0,0,0,'0',4,6,'56d9f02a-516b-11e5-906d-94de80c7','3e527be0-4253-11e5-b03f-554c22cd',NULL,5),(198,3,0,0,0,0,'0',2,1,'56d9f02a-516b-11e5-906d-94de80c7','3e527be1-4253-11e5-b03f-554c22cd',NULL,1),(199,3,0,0,0,0,'0',2,2,'56d9f02a-516b-11e5-906d-94de80c7','3e527be1-4253-11e5-b03f-554c22cd',NULL,1),(200,3,0,0,0,0,'0',2,3,'56d9f02a-516b-11e5-906d-94de80c7','3e527be1-4253-11e5-b03f-554c22cd',NULL,1),(201,3,0,0,0,0,'0',2,4,'56d9f02a-516b-11e5-906d-94de80c7','3e527be1-4253-11e5-b03f-554c22cd',NULL,1),(202,3,0,0,0,0,'0',2,5,'56d9f02a-516b-11e5-906d-94de80c7','3e527be1-4253-11e5-b03f-554c22cd',NULL,1),(203,3,0,0,0,0,'0',2,6,'56d9f02a-516b-11e5-906d-94de80c7','3e527be1-4253-11e5-b03f-554c22cd',NULL,1),(204,4,0,0,0,0,'0',5,1,'56d9f02a-516b-11e5-906d-94de80c7','3e527be1-4253-11e5-b03f-554c22cd',NULL,6),(205,4,0,0,0,0,'0',5,2,'56d9f02a-516b-11e5-906d-94de80c7','3e527be1-4253-11e5-b03f-554c22cd',NULL,6),(206,4,0,0,0,0,'0',5,3,'56d9f02a-516b-11e5-906d-94de80c7','3e527be1-4253-11e5-b03f-554c22cd',NULL,6),(207,4,0,0,0,0,'0',5,4,'56d9f02a-516b-11e5-906d-94de80c7','3e527be1-4253-11e5-b03f-554c22cd',NULL,6),(208,4,0,0,0,0,'0',5,5,'56d9f02a-516b-11e5-906d-94de80c7','3e527be1-4253-11e5-b03f-554c22cd',NULL,6),(209,4,0,0,0,0,'0',5,6,'56d9f02a-516b-11e5-906d-94de80c7','3e527be1-4253-11e5-b03f-554c22cd',NULL,6),(210,1,0,0,0,0,'0',1,1,'56d9f02a-516b-11e5-906d-94de80c7','3e527be0-4253-11e5-b03f-554c22cd',NULL,2),(211,1,0,0,0,0,'0',1,2,'56d9f02a-516b-11e5-906d-94de80c7','3e527be0-4253-11e5-b03f-554c22cd',NULL,2),(212,1,0,0,0,0,'0',1,3,'56d9f02a-516b-11e5-906d-94de80c7','3e527be0-4253-11e5-b03f-554c22cd',NULL,2),(213,1,0,0,0,0,'0',1,4,'56d9f02a-516b-11e5-906d-94de80c7','3e527be0-4253-11e5-b03f-554c22cd',NULL,2),(214,1,0,0,0,0,'0',1,5,'56d9f02a-516b-11e5-906d-94de80c7','3e527be0-4253-11e5-b03f-554c22cd',NULL,2),(215,1,0,0,0,0,'0',1,6,'56d9f02a-516b-11e5-906d-94de80c7','3e527be0-4253-11e5-b03f-554c22cd',NULL,2),(216,2,0,0,0,0,'0',4,1,'56d9f02a-516b-11e5-906d-94de80c7','3e527be0-4253-11e5-b03f-554c22cd',NULL,5),(217,2,0,0,0,0,'0',4,2,'56d9f02a-516b-11e5-906d-94de80c7','3e527be0-4253-11e5-b03f-554c22cd',NULL,5),(218,2,0,0,0,0,'0',4,3,'56d9f02a-516b-11e5-906d-94de80c7','3e527be0-4253-11e5-b03f-554c22cd',NULL,5),(219,2,0,0,0,0,'0',4,4,'56d9f02a-516b-11e5-906d-94de80c7','3e527be0-4253-11e5-b03f-554c22cd',NULL,5),(220,2,0,0,0,0,'0',4,5,'56d9f02a-516b-11e5-906d-94de80c7','3e527be0-4253-11e5-b03f-554c22cd',NULL,5),(221,2,0,0,0,0,'0',4,6,'56d9f02a-516b-11e5-906d-94de80c7','3e527be0-4253-11e5-b03f-554c22cd',NULL,5),(222,3,0,0,0,0,'0',2,1,'56d9f02a-516b-11e5-906d-94de80c7','3e527be1-4253-11e5-b03f-554c22cd',NULL,1),(223,3,0,0,0,0,'0',2,2,'56d9f02a-516b-11e5-906d-94de80c7','3e527be1-4253-11e5-b03f-554c22cd',NULL,1),(224,3,0,0,0,0,'0',2,3,'56d9f02a-516b-11e5-906d-94de80c7','3e527be1-4253-11e5-b03f-554c22cd',NULL,1),(225,3,0,0,0,0,'0',2,4,'56d9f02a-516b-11e5-906d-94de80c7','3e527be1-4253-11e5-b03f-554c22cd',NULL,1),(226,3,0,0,0,0,'0',2,5,'56d9f02a-516b-11e5-906d-94de80c7','3e527be1-4253-11e5-b03f-554c22cd',NULL,1),(227,3,0,0,0,0,'0',2,6,'56d9f02a-516b-11e5-906d-94de80c7','3e527be1-4253-11e5-b03f-554c22cd',NULL,1),(228,4,0,0,0,0,'0',5,1,'56d9f02a-516b-11e5-906d-94de80c7','3e527be1-4253-11e5-b03f-554c22cd',NULL,4),(229,4,0,0,0,0,'0',5,2,'56d9f02a-516b-11e5-906d-94de80c7','3e527be1-4253-11e5-b03f-554c22cd',NULL,4),(230,4,0,0,0,0,'0',5,3,'56d9f02a-516b-11e5-906d-94de80c7','3e527be1-4253-11e5-b03f-554c22cd',NULL,4),(231,4,0,0,0,0,'0',5,4,'56d9f02a-516b-11e5-906d-94de80c7','3e527be1-4253-11e5-b03f-554c22cd',NULL,4),(232,4,0,0,0,0,'0',5,5,'56d9f02a-516b-11e5-906d-94de80c7','3e527be1-4253-11e5-b03f-554c22cd',NULL,4),(233,4,0,0,0,0,'0',5,6,'56d9f02a-516b-11e5-906d-94de80c7','3e527be1-4253-11e5-b03f-554c22cd',NULL,4),(234,1,0,0,0,0,'0',4,1,'56d9f02a-516b-11e5-906d-94de80c7','3e527be0-4253-11e5-b03f-554c22cd',NULL,2),(235,1,0,0,0,0,'0',4,2,'56d9f02a-516b-11e5-906d-94de80c7','3e527be0-4253-11e5-b03f-554c22cd',NULL,2),(236,1,0,0,0,0,'0',4,3,'56d9f02a-516b-11e5-906d-94de80c7','3e527be0-4253-11e5-b03f-554c22cd',NULL,2),(237,1,0,0,0,0,'0',4,4,'56d9f02a-516b-11e5-906d-94de80c7','3e527be0-4253-11e5-b03f-554c22cd',NULL,2),(238,1,0,0,0,0,'0',4,5,'56d9f02a-516b-11e5-906d-94de80c7','3e527be0-4253-11e5-b03f-554c22cd',NULL,2),(239,1,0,0,0,0,'0',4,6,'56d9f02a-516b-11e5-906d-94de80c7','3e527be0-4253-11e5-b03f-554c22cd',NULL,2),(240,2,0,0,0,0,'0',1,1,'56d9f02a-516b-11e5-906d-94de80c7','3e527be0-4253-11e5-b03f-554c22cd',NULL,5),(241,2,0,0,0,0,'0',1,2,'56d9f02a-516b-11e5-906d-94de80c7','3e527be0-4253-11e5-b03f-554c22cd',NULL,5),(242,2,0,0,0,0,'0',1,3,'56d9f02a-516b-11e5-906d-94de80c7','3e527be0-4253-11e5-b03f-554c22cd',NULL,5),(243,2,0,0,0,0,'0',1,4,'56d9f02a-516b-11e5-906d-94de80c7','3e527be0-4253-11e5-b03f-554c22cd',NULL,5),(244,2,0,0,0,0,'0',1,5,'56d9f02a-516b-11e5-906d-94de80c7','3e527be0-4253-11e5-b03f-554c22cd',NULL,5),(245,2,0,0,0,0,'0',1,6,'56d9f02a-516b-11e5-906d-94de80c7','3e527be0-4253-11e5-b03f-554c22cd',NULL,5),(246,3,0,0,0,0,'0',2,1,'56d9f02a-516b-11e5-906d-94de80c7','3e527be1-4253-11e5-b03f-554c22cd',NULL,1),(247,3,0,0,0,0,'0',2,2,'56d9f02a-516b-11e5-906d-94de80c7','3e527be1-4253-11e5-b03f-554c22cd',NULL,1),(248,3,0,0,0,0,'0',2,3,'56d9f02a-516b-11e5-906d-94de80c7','3e527be1-4253-11e5-b03f-554c22cd',NULL,1),(249,3,0,0,0,0,'0',2,4,'56d9f02a-516b-11e5-906d-94de80c7','3e527be1-4253-11e5-b03f-554c22cd',NULL,1),(250,3,0,0,0,0,'0',2,5,'56d9f02a-516b-11e5-906d-94de80c7','3e527be1-4253-11e5-b03f-554c22cd',NULL,1),(251,3,0,0,0,0,'0',2,6,'56d9f02a-516b-11e5-906d-94de80c7','3e527be1-4253-11e5-b03f-554c22cd',NULL,1),(252,4,0,0,0,0,'0',5,1,'56d9f02a-516b-11e5-906d-94de80c7','3e527be1-4253-11e5-b03f-554c22cd',NULL,6),(253,4,0,0,0,0,'0',5,2,'56d9f02a-516b-11e5-906d-94de80c7','3e527be1-4253-11e5-b03f-554c22cd',NULL,6),(254,4,0,0,0,0,'0',5,3,'56d9f02a-516b-11e5-906d-94de80c7','3e527be1-4253-11e5-b03f-554c22cd',NULL,6),(255,4,0,0,0,0,'0',5,4,'56d9f02a-516b-11e5-906d-94de80c7','3e527be1-4253-11e5-b03f-554c22cd',NULL,6),(256,4,0,0,0,0,'0',5,5,'56d9f02a-516b-11e5-906d-94de80c7','3e527be1-4253-11e5-b03f-554c22cd',NULL,6),(257,4,0,0,0,0,'0',5,6,'56d9f02a-516b-11e5-906d-94de80c7','3e527be1-4253-11e5-b03f-554c22cd',NULL,6),(258,1,0,0,0,0,'0',1,1,'56d9f02a-516b-11e5-906d-94de80c7','3e527be0-4253-11e5-b03f-554c22cd',NULL,2),(259,1,0,0,0,0,'0',1,2,'56d9f02a-516b-11e5-906d-94de80c7','3e527be0-4253-11e5-b03f-554c22cd',NULL,2),(260,1,0,0,0,0,'0',1,3,'56d9f02a-516b-11e5-906d-94de80c7','3e527be0-4253-11e5-b03f-554c22cd',NULL,2),(261,1,0,0,0,0,'0',1,4,'56d9f02a-516b-11e5-906d-94de80c7','3e527be0-4253-11e5-b03f-554c22cd',NULL,2),(262,1,0,0,0,0,'0',1,5,'56d9f02a-516b-11e5-906d-94de80c7','3e527be0-4253-11e5-b03f-554c22cd',NULL,2),(263,1,0,0,0,0,'0',1,6,'56d9f02a-516b-11e5-906d-94de80c7','3e527be0-4253-11e5-b03f-554c22cd',NULL,2),(264,2,0,0,0,0,'0',6,1,'56d9f02a-516b-11e5-906d-94de80c7','3e527be0-4253-11e5-b03f-554c22cd',NULL,5),(265,2,0,0,0,0,'0',6,2,'56d9f02a-516b-11e5-906d-94de80c7','3e527be0-4253-11e5-b03f-554c22cd',NULL,5),(266,2,0,0,0,0,'0',6,3,'56d9f02a-516b-11e5-906d-94de80c7','3e527be0-4253-11e5-b03f-554c22cd',NULL,5),(267,2,0,0,0,0,'0',6,4,'56d9f02a-516b-11e5-906d-94de80c7','3e527be0-4253-11e5-b03f-554c22cd',NULL,5),(268,2,0,0,0,0,'0',6,5,'56d9f02a-516b-11e5-906d-94de80c7','3e527be0-4253-11e5-b03f-554c22cd',NULL,5),(269,2,0,0,0,0,'0',6,6,'56d9f02a-516b-11e5-906d-94de80c7','3e527be0-4253-11e5-b03f-554c22cd',NULL,5),(270,3,0,0,0,0,'0',2,1,'56d9f02a-516b-11e5-906d-94de80c7','3e527be1-4253-11e5-b03f-554c22cd',NULL,6),(271,3,0,0,0,0,'0',2,2,'56d9f02a-516b-11e5-906d-94de80c7','3e527be1-4253-11e5-b03f-554c22cd',NULL,6),(272,3,0,0,0,0,'0',2,3,'56d9f02a-516b-11e5-906d-94de80c7','3e527be1-4253-11e5-b03f-554c22cd',NULL,6),(273,3,0,0,0,0,'0',2,4,'56d9f02a-516b-11e5-906d-94de80c7','3e527be1-4253-11e5-b03f-554c22cd',NULL,6),(274,3,0,0,0,0,'0',2,5,'56d9f02a-516b-11e5-906d-94de80c7','3e527be1-4253-11e5-b03f-554c22cd',NULL,6),(275,3,0,0,0,0,'0',2,6,'56d9f02a-516b-11e5-906d-94de80c7','3e527be1-4253-11e5-b03f-554c22cd',NULL,6),(276,4,0,0,0,0,'0',5,1,'56d9f02a-516b-11e5-906d-94de80c7','3e527be1-4253-11e5-b03f-554c22cd',NULL,4),(277,4,0,0,0,0,'0',5,2,'56d9f02a-516b-11e5-906d-94de80c7','3e527be1-4253-11e5-b03f-554c22cd',NULL,4),(278,4,0,0,0,0,'0',5,3,'56d9f02a-516b-11e5-906d-94de80c7','3e527be1-4253-11e5-b03f-554c22cd',NULL,4),(279,4,0,0,0,0,'0',5,4,'56d9f02a-516b-11e5-906d-94de80c7','3e527be1-4253-11e5-b03f-554c22cd',NULL,4),(280,4,0,0,0,0,'0',5,5,'56d9f02a-516b-11e5-906d-94de80c7','3e527be1-4253-11e5-b03f-554c22cd',NULL,4),(281,4,0,0,0,0,'0',5,6,'56d9f02a-516b-11e5-906d-94de80c7','3e527be1-4253-11e5-b03f-554c22cd',NULL,4),(282,1,0,0,0,0,'0',1,1,'56d9f02a-516b-11e5-906d-94de80c7','3e527be0-4253-11e5-b03f-554c22cd',NULL,2),(283,1,0,0,0,0,'0',1,2,'56d9f02a-516b-11e5-906d-94de80c7','3e527be0-4253-11e5-b03f-554c22cd',NULL,2),(284,1,0,0,0,0,'0',1,3,'56d9f02a-516b-11e5-906d-94de80c7','3e527be0-4253-11e5-b03f-554c22cd',NULL,2),(285,1,0,0,0,0,'0',1,4,'56d9f02a-516b-11e5-906d-94de80c7','3e527be0-4253-11e5-b03f-554c22cd',NULL,2),(286,1,0,0,0,0,'0',1,5,'56d9f02a-516b-11e5-906d-94de80c7','3e527be0-4253-11e5-b03f-554c22cd',NULL,2),(287,1,0,0,0,0,'0',1,6,'56d9f02a-516b-11e5-906d-94de80c7','3e527be0-4253-11e5-b03f-554c22cd',NULL,2),(288,2,0,0,0,0,'0',4,1,'56d9f02a-516b-11e5-906d-94de80c7','3e527be0-4253-11e5-b03f-554c22cd',NULL,5),(289,2,0,0,0,0,'0',4,2,'56d9f02a-516b-11e5-906d-94de80c7','3e527be0-4253-11e5-b03f-554c22cd',NULL,5),(290,2,0,0,0,0,'0',4,3,'56d9f02a-516b-11e5-906d-94de80c7','3e527be0-4253-11e5-b03f-554c22cd',NULL,5),(291,2,0,0,0,0,'0',4,4,'56d9f02a-516b-11e5-906d-94de80c7','3e527be0-4253-11e5-b03f-554c22cd',NULL,5),(292,2,0,0,0,0,'0',4,5,'56d9f02a-516b-11e5-906d-94de80c7','3e527be0-4253-11e5-b03f-554c22cd',NULL,5),(293,2,0,0,0,0,'0',4,6,'56d9f02a-516b-11e5-906d-94de80c7','3e527be0-4253-11e5-b03f-554c22cd',NULL,5),(294,3,0,0,0,0,'0',2,1,'56d9f02a-516b-11e5-906d-94de80c7','3e527be1-4253-11e5-b03f-554c22cd',NULL,4),(295,3,0,0,0,0,'0',2,2,'56d9f02a-516b-11e5-906d-94de80c7','3e527be1-4253-11e5-b03f-554c22cd',NULL,4),(296,3,0,0,0,0,'0',2,3,'56d9f02a-516b-11e5-906d-94de80c7','3e527be1-4253-11e5-b03f-554c22cd',NULL,4),(297,3,0,0,0,0,'0',2,4,'56d9f02a-516b-11e5-906d-94de80c7','3e527be1-4253-11e5-b03f-554c22cd',NULL,4),(298,3,0,0,0,0,'0',2,5,'56d9f02a-516b-11e5-906d-94de80c7','3e527be1-4253-11e5-b03f-554c22cd',NULL,4),(299,3,0,0,0,0,'0',2,6,'56d9f02a-516b-11e5-906d-94de80c7','3e527be1-4253-11e5-b03f-554c22cd',NULL,4),(300,4,0,0,0,0,'0',5,1,'56d9f02a-516b-11e5-906d-94de80c7','3e527be1-4253-11e5-b03f-554c22cd',NULL,6),(301,4,0,0,0,0,'0',5,2,'56d9f02a-516b-11e5-906d-94de80c7','3e527be1-4253-11e5-b03f-554c22cd',NULL,6),(302,4,0,0,0,0,'0',5,3,'56d9f02a-516b-11e5-906d-94de80c7','3e527be1-4253-11e5-b03f-554c22cd',NULL,6),(303,4,0,0,0,0,'0',5,4,'56d9f02a-516b-11e5-906d-94de80c7','3e527be1-4253-11e5-b03f-554c22cd',NULL,6),(304,4,0,0,0,0,'0',5,5,'56d9f02a-516b-11e5-906d-94de80c7','3e527be1-4253-11e5-b03f-554c22cd',NULL,6),(305,4,0,0,0,0,'0',5,6,'56d9f02a-516b-11e5-906d-94de80c7','3e527be1-4253-11e5-b03f-554c22cd',NULL,6),(306,1,0,1,0,0,'1',1,1,'820cc68c-5206-11e5-b1fe-94de802c','3e527be0-4253-11e5-b03f-554c22cd',NULL,2),(307,1,0,0,0,0,'0',1,1,'820cc68c-5206-11e5-b1fe-94de802c','3e527be0-4253-11e5-b03f-554c22cd',NULL,2),(308,1,0,0,0,0,'0',1,2,'820cc68c-5206-11e5-b1fe-94de802c','3e527be0-4253-11e5-b03f-554c22cd',NULL,2),(309,1,0,0,0,0,'0',1,3,'820cc68c-5206-11e5-b1fe-94de802c','3e527be0-4253-11e5-b03f-554c22cd',NULL,2),(310,1,0,0,0,0,'0',1,4,'820cc68c-5206-11e5-b1fe-94de802c','3e527be0-4253-11e5-b03f-554c22cd',NULL,2),(311,1,0,0,0,0,'0',1,5,'820cc68c-5206-11e5-b1fe-94de802c','3e527be0-4253-11e5-b03f-554c22cd',NULL,2),(312,1,0,0,0,0,'0',1,6,'820cc68c-5206-11e5-b1fe-94de802c','3e527be0-4253-11e5-b03f-554c22cd',NULL,2),(313,2,0,0,0,0,'0',6,1,'820cc68c-5206-11e5-b1fe-94de802c','3e527be0-4253-11e5-b03f-554c22cd',NULL,2),(314,2,0,0,0,0,'0',6,2,'820cc68c-5206-11e5-b1fe-94de802c','3e527be0-4253-11e5-b03f-554c22cd',NULL,2),(315,2,0,0,0,0,'0',6,3,'820cc68c-5206-11e5-b1fe-94de802c','3e527be0-4253-11e5-b03f-554c22cd',NULL,2),(316,2,0,0,0,0,'0',6,4,'820cc68c-5206-11e5-b1fe-94de802c','3e527be0-4253-11e5-b03f-554c22cd',NULL,2),(317,2,0,0,0,0,'0',6,5,'820cc68c-5206-11e5-b1fe-94de802c','3e527be0-4253-11e5-b03f-554c22cd',NULL,2),(318,2,0,1,0,0,'1',6,6,'820cc68c-5206-11e5-b1fe-94de802c','3e527be0-4253-11e5-b03f-554c22cd',NULL,2),(319,2,0,0,0,0,'0',6,6,'820cc68c-5206-11e5-b1fe-94de802c','3e527be0-4253-11e5-b03f-554c22cd',NULL,2),(320,1,0,0,0,0,'0',1,1,'820cc68c-5206-11e5-b1fe-94de802c','3e527be0-4253-11e5-b03f-554c22cd',NULL,2),(321,1,0,0,0,0,'0',1,2,'820cc68c-5206-11e5-b1fe-94de802c','3e527be0-4253-11e5-b03f-554c22cd',NULL,2),(322,1,0,0,0,0,'0',1,3,'820cc68c-5206-11e5-b1fe-94de802c','3e527be0-4253-11e5-b03f-554c22cd',NULL,2),(323,1,0,0,0,0,'0',1,4,'820cc68c-5206-11e5-b1fe-94de802c','3e527be0-4253-11e5-b03f-554c22cd',NULL,2),(324,1,0,0,0,0,'0',1,5,'820cc68c-5206-11e5-b1fe-94de802c','3e527be0-4253-11e5-b03f-554c22cd',NULL,2),(325,1,0,0,0,0,'0',1,6,'820cc68c-5206-11e5-b1fe-94de802c','3e527be0-4253-11e5-b03f-554c22cd',NULL,2),(326,2,0,0,0,0,'0',6,1,'820cc68c-5206-11e5-b1fe-94de802c','3e527be0-4253-11e5-b03f-554c22cd',NULL,5),(327,2,0,0,0,0,'0',6,2,'820cc68c-5206-11e5-b1fe-94de802c','3e527be0-4253-11e5-b03f-554c22cd',NULL,5),(328,2,0,0,0,0,'0',6,3,'820cc68c-5206-11e5-b1fe-94de802c','3e527be0-4253-11e5-b03f-554c22cd',NULL,5),(329,2,0,0,0,0,'0',6,4,'820cc68c-5206-11e5-b1fe-94de802c','3e527be0-4253-11e5-b03f-554c22cd',NULL,5),(330,2,0,0,0,0,'0',6,5,'820cc68c-5206-11e5-b1fe-94de802c','3e527be0-4253-11e5-b03f-554c22cd',NULL,5),(331,2,0,0,0,0,'0',6,6,'820cc68c-5206-11e5-b1fe-94de802c','3e527be0-4253-11e5-b03f-554c22cd',NULL,5),(332,3,0,0,0,0,'0',2,1,'820cc68c-5206-11e5-b1fe-94de802c','3e527be1-4253-11e5-b03f-554c22cd',NULL,1),(333,3,0,0,0,0,'0',2,2,'820cc68c-5206-11e5-b1fe-94de802c','3e527be1-4253-11e5-b03f-554c22cd',NULL,1),(334,3,0,0,0,0,'0',2,3,'820cc68c-5206-11e5-b1fe-94de802c','3e527be1-4253-11e5-b03f-554c22cd',NULL,1),(335,3,0,0,0,0,'0',2,4,'820cc68c-5206-11e5-b1fe-94de802c','3e527be1-4253-11e5-b03f-554c22cd',NULL,1),(336,3,0,0,0,0,'0',2,5,'820cc68c-5206-11e5-b1fe-94de802c','3e527be1-4253-11e5-b03f-554c22cd',NULL,1),(337,3,0,0,0,0,'0',2,6,'820cc68c-5206-11e5-b1fe-94de802c','3e527be1-4253-11e5-b03f-554c22cd',NULL,1),(338,4,0,0,0,0,'0',5,1,'820cc68c-5206-11e5-b1fe-94de802c','3e527be1-4253-11e5-b03f-554c22cd',NULL,6),(339,4,0,0,0,0,'0',5,2,'820cc68c-5206-11e5-b1fe-94de802c','3e527be1-4253-11e5-b03f-554c22cd',NULL,6),(340,4,0,0,0,0,'0',5,3,'820cc68c-5206-11e5-b1fe-94de802c','3e527be1-4253-11e5-b03f-554c22cd',NULL,6),(341,4,0,0,0,0,'0',5,4,'820cc68c-5206-11e5-b1fe-94de802c','3e527be1-4253-11e5-b03f-554c22cd',NULL,6),(342,4,0,0,0,0,'0',5,5,'820cc68c-5206-11e5-b1fe-94de802c','3e527be1-4253-11e5-b03f-554c22cd',NULL,6),(343,4,0,1,0,0,'1',5,6,'820cc68c-5206-11e5-b1fe-94de802c','3e527be1-4253-11e5-b03f-554c22cd',NULL,6),(344,4,0,0,0,0,'0',5,6,'820cc68c-5206-11e5-b1fe-94de802c','3e527be1-4253-11e5-b03f-554c22cd',NULL,6),(345,1,0,0,0,0,'0',1,1,'820cc68c-5206-11e5-b1fe-94de802c','3e527be0-4253-11e5-b03f-554c22cd',NULL,2),(346,1,0,0,0,0,'0',1,2,'820cc68c-5206-11e5-b1fe-94de802c','3e527be0-4253-11e5-b03f-554c22cd',NULL,2),(347,1,0,0,0,0,'0',1,3,'820cc68c-5206-11e5-b1fe-94de802c','3e527be0-4253-11e5-b03f-554c22cd',NULL,2),(348,1,0,0,0,0,'0',1,4,'820cc68c-5206-11e5-b1fe-94de802c','3e527be0-4253-11e5-b03f-554c22cd',NULL,2),(349,1,0,0,0,0,'0',1,5,'820cc68c-5206-11e5-b1fe-94de802c','3e527be0-4253-11e5-b03f-554c22cd',NULL,2),(350,1,0,0,0,0,'0',1,6,'820cc68c-5206-11e5-b1fe-94de802c','3e527be0-4253-11e5-b03f-554c22cd',NULL,2),(351,2,0,0,0,0,'0',6,1,'820cc68c-5206-11e5-b1fe-94de802c','3e527be0-4253-11e5-b03f-554c22cd',NULL,5),(352,2,0,0,0,0,'0',6,2,'820cc68c-5206-11e5-b1fe-94de802c','3e527be0-4253-11e5-b03f-554c22cd',NULL,5),(353,2,0,0,0,0,'0',6,3,'820cc68c-5206-11e5-b1fe-94de802c','3e527be0-4253-11e5-b03f-554c22cd',NULL,5),(354,2,0,0,0,0,'0',6,4,'820cc68c-5206-11e5-b1fe-94de802c','3e527be0-4253-11e5-b03f-554c22cd',NULL,5),(355,2,0,0,0,0,'0',6,5,'820cc68c-5206-11e5-b1fe-94de802c','3e527be0-4253-11e5-b03f-554c22cd',NULL,5),(356,2,0,0,0,0,'0',6,6,'820cc68c-5206-11e5-b1fe-94de802c','3e527be0-4253-11e5-b03f-554c22cd',NULL,5),(357,3,0,0,0,0,'0',2,1,'820cc68c-5206-11e5-b1fe-94de802c','3e527be1-4253-11e5-b03f-554c22cd',NULL,1),(358,3,0,0,0,0,'0',2,2,'820cc68c-5206-11e5-b1fe-94de802c','3e527be1-4253-11e5-b03f-554c22cd',NULL,1),(359,3,0,0,0,0,'0',2,3,'820cc68c-5206-11e5-b1fe-94de802c','3e527be1-4253-11e5-b03f-554c22cd',NULL,1),(360,3,0,0,0,0,'0',2,4,'820cc68c-5206-11e5-b1fe-94de802c','3e527be1-4253-11e5-b03f-554c22cd',NULL,1),(361,3,0,0,0,0,'0',2,5,'820cc68c-5206-11e5-b1fe-94de802c','3e527be1-4253-11e5-b03f-554c22cd',NULL,1),(362,3,0,0,0,0,'0',2,6,'820cc68c-5206-11e5-b1fe-94de802c','3e527be1-4253-11e5-b03f-554c22cd',NULL,1),(363,4,0,0,0,0,'0',5,1,'820cc68c-5206-11e5-b1fe-94de802c','3e527be1-4253-11e5-b03f-554c22cd',NULL,4),(364,4,0,0,0,0,'0',5,2,'820cc68c-5206-11e5-b1fe-94de802c','3e527be1-4253-11e5-b03f-554c22cd',NULL,4),(365,4,0,0,0,0,'0',5,3,'820cc68c-5206-11e5-b1fe-94de802c','3e527be1-4253-11e5-b03f-554c22cd',NULL,4),(366,4,0,0,0,0,'0',5,4,'820cc68c-5206-11e5-b1fe-94de802c','3e527be1-4253-11e5-b03f-554c22cd',NULL,4),(367,4,0,0,0,0,'0',5,5,'820cc68c-5206-11e5-b1fe-94de802c','3e527be1-4253-11e5-b03f-554c22cd',NULL,4),(368,4,0,0,0,0,'0',5,6,'820cc68c-5206-11e5-b1fe-94de802c','3e527be1-4253-11e5-b03f-554c22cd',NULL,4),(369,1,0,0,0,0,'0',1,1,'820cc68c-5206-11e5-b1fe-94de802c','3e527be0-4253-11e5-b03f-554c22cd',NULL,2),(370,1,0,0,0,0,'0',1,2,'820cc68c-5206-11e5-b1fe-94de802c','3e527be0-4253-11e5-b03f-554c22cd',NULL,2),(371,1,0,0,0,0,'0',1,3,'820cc68c-5206-11e5-b1fe-94de802c','3e527be0-4253-11e5-b03f-554c22cd',NULL,2),(372,1,0,0,0,0,'0',1,4,'820cc68c-5206-11e5-b1fe-94de802c','3e527be0-4253-11e5-b03f-554c22cd',NULL,2),(373,1,0,0,0,0,'0',1,5,'820cc68c-5206-11e5-b1fe-94de802c','3e527be0-4253-11e5-b03f-554c22cd',NULL,2),(374,1,0,0,0,0,'0',1,6,'820cc68c-5206-11e5-b1fe-94de802c','3e527be0-4253-11e5-b03f-554c22cd',NULL,2),(375,2,0,0,0,0,'0',4,1,'820cc68c-5206-11e5-b1fe-94de802c','3e527be0-4253-11e5-b03f-554c22cd',NULL,5),(376,2,0,0,0,0,'0',4,2,'820cc68c-5206-11e5-b1fe-94de802c','3e527be0-4253-11e5-b03f-554c22cd',NULL,5),(377,2,0,0,0,0,'0',4,3,'820cc68c-5206-11e5-b1fe-94de802c','3e527be0-4253-11e5-b03f-554c22cd',NULL,5),(378,2,0,0,0,0,'0',4,4,'820cc68c-5206-11e5-b1fe-94de802c','3e527be0-4253-11e5-b03f-554c22cd',NULL,5),(379,2,0,0,0,0,'0',4,5,'820cc68c-5206-11e5-b1fe-94de802c','3e527be0-4253-11e5-b03f-554c22cd',NULL,5),(380,2,0,0,0,0,'0',4,6,'820cc68c-5206-11e5-b1fe-94de802c','3e527be0-4253-11e5-b03f-554c22cd',NULL,5),(381,3,0,0,0,0,'0',2,1,'820cc68c-5206-11e5-b1fe-94de802c','3e527be1-4253-11e5-b03f-554c22cd',NULL,1),(382,3,0,0,0,0,'0',2,2,'820cc68c-5206-11e5-b1fe-94de802c','3e527be1-4253-11e5-b03f-554c22cd',NULL,1),(383,3,0,0,0,0,'0',2,3,'820cc68c-5206-11e5-b1fe-94de802c','3e527be1-4253-11e5-b03f-554c22cd',NULL,1),(384,3,0,0,0,0,'0',2,4,'820cc68c-5206-11e5-b1fe-94de802c','3e527be1-4253-11e5-b03f-554c22cd',NULL,1),(385,3,0,0,0,0,'0',2,5,'820cc68c-5206-11e5-b1fe-94de802c','3e527be1-4253-11e5-b03f-554c22cd',NULL,1),(386,3,0,0,0,0,'0',2,6,'820cc68c-5206-11e5-b1fe-94de802c','3e527be1-4253-11e5-b03f-554c22cd',NULL,1),(387,4,0,0,0,0,'0',5,1,'820cc68c-5206-11e5-b1fe-94de802c','3e527be1-4253-11e5-b03f-554c22cd',NULL,6),(388,4,0,0,0,0,'0',5,2,'820cc68c-5206-11e5-b1fe-94de802c','3e527be1-4253-11e5-b03f-554c22cd',NULL,6),(389,4,0,0,0,0,'0',5,3,'820cc68c-5206-11e5-b1fe-94de802c','3e527be1-4253-11e5-b03f-554c22cd',NULL,6),(390,4,0,0,0,0,'0',5,4,'820cc68c-5206-11e5-b1fe-94de802c','3e527be1-4253-11e5-b03f-554c22cd',NULL,6),(391,4,0,0,0,0,'0',5,5,'820cc68c-5206-11e5-b1fe-94de802c','3e527be1-4253-11e5-b03f-554c22cd',NULL,6),(392,4,0,0,0,0,'0',5,6,'820cc68c-5206-11e5-b1fe-94de802c','3e527be1-4253-11e5-b03f-554c22cd',NULL,6),(393,1,0,0,0,0,'0',1,1,'820cc68c-5206-11e5-b1fe-94de802c','3e527be0-4253-11e5-b03f-554c22cd',NULL,5),(394,1,0,0,0,0,'0',1,2,'820cc68c-5206-11e5-b1fe-94de802c','3e527be0-4253-11e5-b03f-554c22cd',NULL,5),(395,1,0,0,0,0,'0',1,3,'820cc68c-5206-11e5-b1fe-94de802c','3e527be0-4253-11e5-b03f-554c22cd',NULL,5),(396,1,0,0,0,0,'0',1,4,'820cc68c-5206-11e5-b1fe-94de802c','3e527be0-4253-11e5-b03f-554c22cd',NULL,5),(397,1,0,0,0,0,'0',1,5,'820cc68c-5206-11e5-b1fe-94de802c','3e527be0-4253-11e5-b03f-554c22cd',NULL,5),(398,1,0,0,0,0,'0',1,6,'820cc68c-5206-11e5-b1fe-94de802c','3e527be0-4253-11e5-b03f-554c22cd',NULL,5),(399,2,0,0,0,0,'0',4,1,'820cc68c-5206-11e5-b1fe-94de802c','3e527be0-4253-11e5-b03f-554c22cd',NULL,5),(400,2,0,0,0,0,'0',4,2,'820cc68c-5206-11e5-b1fe-94de802c','3e527be0-4253-11e5-b03f-554c22cd',NULL,5),(401,2,0,0,0,0,'0',4,3,'820cc68c-5206-11e5-b1fe-94de802c','3e527be0-4253-11e5-b03f-554c22cd',NULL,5),(402,2,0,0,0,0,'0',4,4,'820cc68c-5206-11e5-b1fe-94de802c','3e527be0-4253-11e5-b03f-554c22cd',NULL,5),(403,2,0,0,0,0,'0',4,5,'820cc68c-5206-11e5-b1fe-94de802c','3e527be0-4253-11e5-b03f-554c22cd',NULL,5),(404,2,0,0,0,0,'0',4,6,'820cc68c-5206-11e5-b1fe-94de802c','3e527be0-4253-11e5-b03f-554c22cd',NULL,5),(405,3,0,0,0,0,'0',2,1,'820cc68c-5206-11e5-b1fe-94de802c','3e527be1-4253-11e5-b03f-554c22cd',NULL,1),(406,3,0,0,0,0,'0',2,2,'820cc68c-5206-11e5-b1fe-94de802c','3e527be1-4253-11e5-b03f-554c22cd',NULL,1),(407,3,0,0,0,0,'0',2,3,'820cc68c-5206-11e5-b1fe-94de802c','3e527be1-4253-11e5-b03f-554c22cd',NULL,1),(408,3,0,0,0,0,'0',2,4,'820cc68c-5206-11e5-b1fe-94de802c','3e527be1-4253-11e5-b03f-554c22cd',NULL,1),(409,3,0,0,0,0,'0',2,5,'820cc68c-5206-11e5-b1fe-94de802c','3e527be1-4253-11e5-b03f-554c22cd',NULL,1),(410,3,0,0,0,0,'0',2,6,'820cc68c-5206-11e5-b1fe-94de802c','3e527be1-4253-11e5-b03f-554c22cd',NULL,1),(411,4,0,0,0,0,'0',5,1,'820cc68c-5206-11e5-b1fe-94de802c','3e527be1-4253-11e5-b03f-554c22cd',NULL,6),(412,4,0,0,0,0,'0',5,2,'820cc68c-5206-11e5-b1fe-94de802c','3e527be1-4253-11e5-b03f-554c22cd',NULL,6),(413,4,0,0,0,0,'0',5,3,'820cc68c-5206-11e5-b1fe-94de802c','3e527be1-4253-11e5-b03f-554c22cd',NULL,6),(414,4,0,0,0,0,'0',5,4,'820cc68c-5206-11e5-b1fe-94de802c','3e527be1-4253-11e5-b03f-554c22cd',NULL,6),(415,4,0,0,0,0,'0',5,5,'820cc68c-5206-11e5-b1fe-94de802c','3e527be1-4253-11e5-b03f-554c22cd',NULL,6),(416,4,0,0,0,0,'0',5,6,'820cc68c-5206-11e5-b1fe-94de802c','3e527be1-4253-11e5-b03f-554c22cd',NULL,6),(417,1,0,0,0,0,'0',1,1,'820cc68c-5206-11e5-b1fe-94de802c','3e527be0-4253-11e5-b03f-554c22cd',NULL,5),(418,1,0,0,0,0,'0',1,2,'820cc68c-5206-11e5-b1fe-94de802c','3e527be0-4253-11e5-b03f-554c22cd',NULL,5),(419,1,0,0,0,0,'0',1,3,'820cc68c-5206-11e5-b1fe-94de802c','3e527be0-4253-11e5-b03f-554c22cd',NULL,5),(420,1,0,0,0,0,'0',1,4,'820cc68c-5206-11e5-b1fe-94de802c','3e527be0-4253-11e5-b03f-554c22cd',NULL,5),(421,1,0,0,0,0,'0',1,5,'820cc68c-5206-11e5-b1fe-94de802c','3e527be0-4253-11e5-b03f-554c22cd',NULL,5),(422,1,0,0,0,0,'0',1,6,'820cc68c-5206-11e5-b1fe-94de802c','3e527be0-4253-11e5-b03f-554c22cd',NULL,5),(423,2,0,0,0,0,'0',5,1,'820cc68c-5206-11e5-b1fe-94de802c','3e527be1-4253-11e5-b03f-554c22cd',NULL,6),(424,2,0,0,0,0,'0',5,2,'820cc68c-5206-11e5-b1fe-94de802c','3e527be1-4253-11e5-b03f-554c22cd',NULL,6),(425,2,0,0,0,0,'0',5,3,'820cc68c-5206-11e5-b1fe-94de802c','3e527be1-4253-11e5-b03f-554c22cd',NULL,6),(426,2,0,0,0,0,'0',5,4,'820cc68c-5206-11e5-b1fe-94de802c','3e527be1-4253-11e5-b03f-554c22cd',NULL,6),(427,2,0,0,0,0,'0',5,5,'820cc68c-5206-11e5-b1fe-94de802c','3e527be1-4253-11e5-b03f-554c22cd',NULL,6),(428,2,0,0,0,0,'0',5,6,'820cc68c-5206-11e5-b1fe-94de802c','3e527be1-4253-11e5-b03f-554c22cd',NULL,6),(429,1,0,0,0,0,'0',1,1,'820cc68c-5206-11e5-b1fe-94de802c','3e527be0-4253-11e5-b03f-554c22cd',NULL,2),(430,1,0,0,0,0,'0',1,2,'820cc68c-5206-11e5-b1fe-94de802c','3e527be0-4253-11e5-b03f-554c22cd',NULL,2),(431,1,0,0,0,0,'0',1,3,'820cc68c-5206-11e5-b1fe-94de802c','3e527be0-4253-11e5-b03f-554c22cd',NULL,2),(432,1,0,0,0,0,'0',1,4,'820cc68c-5206-11e5-b1fe-94de802c','3e527be0-4253-11e5-b03f-554c22cd',NULL,2),(433,1,0,0,0,0,'0',1,5,'820cc68c-5206-11e5-b1fe-94de802c','3e527be0-4253-11e5-b03f-554c22cd',NULL,2),(434,1,0,0,0,0,'0',1,6,'820cc68c-5206-11e5-b1fe-94de802c','3e527be0-4253-11e5-b03f-554c22cd',NULL,2),(435,2,0,0,0,0,'0',2,1,'820cc68c-5206-11e5-b1fe-94de802c','3e527be1-4253-11e5-b03f-554c22cd',NULL,1),(436,2,0,0,0,0,'0',2,2,'820cc68c-5206-11e5-b1fe-94de802c','3e527be1-4253-11e5-b03f-554c22cd',NULL,1),(437,2,0,0,0,0,'0',2,3,'820cc68c-5206-11e5-b1fe-94de802c','3e527be1-4253-11e5-b03f-554c22cd',NULL,1),(438,2,0,0,0,0,'0',2,4,'820cc68c-5206-11e5-b1fe-94de802c','3e527be1-4253-11e5-b03f-554c22cd',NULL,1),(439,2,0,0,0,0,'0',2,5,'820cc68c-5206-11e5-b1fe-94de802c','3e527be1-4253-11e5-b03f-554c22cd',NULL,1),(440,2,0,0,0,0,'0',2,6,'820cc68c-5206-11e5-b1fe-94de802c','3e527be1-4253-11e5-b03f-554c22cd',NULL,1),(441,1,0,0,0,0,'0',1,1,'820cc68c-5206-11e5-b1fe-94de802c','3e527be0-4253-11e5-b03f-554c22cd',NULL,2),(442,1,0,0,0,0,'0',1,2,'820cc68c-5206-11e5-b1fe-94de802c','3e527be0-4253-11e5-b03f-554c22cd',NULL,2),(443,1,0,0,0,0,'0',1,3,'820cc68c-5206-11e5-b1fe-94de802c','3e527be0-4253-11e5-b03f-554c22cd',NULL,2),(444,1,0,0,0,0,'0',1,4,'820cc68c-5206-11e5-b1fe-94de802c','3e527be0-4253-11e5-b03f-554c22cd',NULL,2),(445,1,0,0,0,0,'0',1,5,'820cc68c-5206-11e5-b1fe-94de802c','3e527be0-4253-11e5-b03f-554c22cd',NULL,2),(446,1,0,0,0,0,'0',1,6,'820cc68c-5206-11e5-b1fe-94de802c','3e527be0-4253-11e5-b03f-554c22cd',NULL,2),(447,2,0,0,0,0,'0',2,1,'820cc68c-5206-11e5-b1fe-94de802c','3e527be1-4253-11e5-b03f-554c22cd',NULL,1),(448,2,0,0,0,0,'0',2,2,'820cc68c-5206-11e5-b1fe-94de802c','3e527be1-4253-11e5-b03f-554c22cd',NULL,1),(449,2,0,0,0,0,'0',2,3,'820cc68c-5206-11e5-b1fe-94de802c','3e527be1-4253-11e5-b03f-554c22cd',NULL,1),(450,2,0,0,0,0,'0',2,4,'820cc68c-5206-11e5-b1fe-94de802c','3e527be1-4253-11e5-b03f-554c22cd',NULL,1),(451,2,0,0,0,0,'0',2,5,'820cc68c-5206-11e5-b1fe-94de802c','3e527be1-4253-11e5-b03f-554c22cd',NULL,1),(452,2,0,0,0,0,'0',2,6,'820cc68c-5206-11e5-b1fe-94de802c','3e527be1-4253-11e5-b03f-554c22cd',NULL,1),(453,1,0,0,0,6,'6',1,1,'820cc68c-5206-11e5-b1fe-94de802c','3e527be0-4253-11e5-b03f-554c22cd',NULL,5),(454,1,0,0,1,0,'0',1,2,'820cc68c-5206-11e5-b1fe-94de802c','3e527be0-4253-11e5-b03f-554c22cd',NULL,5),(455,1,0,0,1,0,'0',1,1,'820cc68c-5206-11e5-b1fe-94de802c','3e527be0-4253-11e5-b03f-554c22cd',NULL,2),(456,1,0,0,1,0,'0',1,1,'820cc68c-5206-11e5-b1fe-94de802c','3e527be0-4253-11e5-b03f-554c22cd',NULL,2),(457,1,0,0,0,0,'0',6,2,'820cc68c-5206-11e5-b1fe-94de802c','3e527be0-4253-11e5-b03f-554c22cd',NULL,2),(458,1,0,0,0,1,'1',6,3,'820cc68c-5206-11e5-b1fe-94de802c','3e527be0-4253-11e5-b03f-554c22cd',NULL,2),(459,1,0,0,0,0,'0',1,1,'820cc68c-5206-11e5-b1fe-94de802c','3e527be0-4253-11e5-b03f-554c22cd',NULL,5),(460,1,0,0,0,0,'0',1,2,'820cc68c-5206-11e5-b1fe-94de802c','3e527be0-4253-11e5-b03f-554c22cd',NULL,5),(461,1,0,0,0,0,'0',1,3,'820cc68c-5206-11e5-b1fe-94de802c','3e527be0-4253-11e5-b03f-554c22cd',NULL,5),(462,1,0,0,0,0,'0',1,4,'820cc68c-5206-11e5-b1fe-94de802c','3e527be0-4253-11e5-b03f-554c22cd',NULL,5),(463,1,0,0,0,0,'0',1,5,'820cc68c-5206-11e5-b1fe-94de802c','3e527be0-4253-11e5-b03f-554c22cd',NULL,5),(464,1,0,0,0,0,'0',1,6,'820cc68c-5206-11e5-b1fe-94de802c','3e527be0-4253-11e5-b03f-554c22cd',NULL,5),(465,1,0,0,0,0,'0',1,1,'4703c3d7-52d0-11e5-a72f-94de802c','3e527be0-4253-11e5-b03f-554c22cd',NULL,2),(466,1,0,0,0,0,'0',1,1,'4703c3d7-52d0-11e5-a72f-94de802c','3e527be0-4253-11e5-b03f-554c22cd',NULL,2),(467,1,0,0,0,0,'0',1,1,'4703c3d7-52d0-11e5-a72f-94de802c','3e527be0-4253-11e5-b03f-554c22cd',NULL,2),(468,1,0,0,0,0,'0',1,1,'4703c3d7-52d0-11e5-a72f-94de802c','3e527be0-4253-11e5-b03f-554c22cd',NULL,5),(469,1,0,0,0,0,'0',1,1,'4703c3d7-52d0-11e5-a72f-94de802c','3e527be0-4253-11e5-b03f-554c22cd',NULL,5),(470,1,0,0,0,0,'0',1,2,'4703c3d7-52d0-11e5-a72f-94de802c','3e527be0-4253-11e5-b03f-554c22cd',NULL,5),(471,1,0,0,0,0,'0',1,1,'4703c3d7-52d0-11e5-a72f-94de802c','3e527be0-4253-11e5-b03f-554c22cd',NULL,2),(472,1,0,0,0,0,'0',1,2,'4703c3d7-52d0-11e5-a72f-94de802c','3e527be0-4253-11e5-b03f-554c22cd',NULL,2),(473,1,0,0,0,0,'0',6,1,'4703c3d7-52d0-11e5-a72f-94de802c','3e527be0-4253-11e5-b03f-554c22cd',NULL,2),(474,1,0,0,0,0,'0',6,2,'4703c3d7-52d0-11e5-a72f-94de802c','3e527be0-4253-11e5-b03f-554c22cd',NULL,2),(475,1,0,0,0,0,'0',4,1,'4703c3d7-52d0-11e5-a72f-94de802c','3e527be0-4253-11e5-b03f-554c22cd',NULL,2),(476,1,0,0,0,0,'0',1,1,'4703c3d7-52d0-11e5-a72f-94de802c','3e527be0-4253-11e5-b03f-554c22cd',NULL,5),(477,1,0,0,0,0,'0',1,1,'4703c3d7-52d0-11e5-a72f-94de802c','3e527be0-4253-11e5-b03f-554c22cd',NULL,2),(478,1,0,0,0,0,'0',1,1,'4703c3d7-52d0-11e5-a72f-94de802c','3e527be0-4253-11e5-b03f-554c22cd',NULL,2),(479,1,0,0,0,0,'0',1,1,'4703c3d7-52d0-11e5-a72f-94de802c','3e527be0-4253-11e5-b03f-554c22cd',NULL,2),(480,1,0,0,0,0,'0',4,1,'4703c3d7-52d0-11e5-a72f-94de802c','3e527be0-4253-11e5-b03f-554c22cd',NULL,2),(481,1,0,0,0,0,'0',1,1,'4703c3d7-52d0-11e5-a72f-94de802c','3e527be0-4253-11e5-b03f-554c22cd',NULL,2),(482,1,0,0,0,0,'0',1,1,'4703c3d7-52d0-11e5-a72f-94de802c','3e527be0-4253-11e5-b03f-554c22cd',NULL,2),(483,1,0,0,0,0,'0',1,2,'4703c3d7-52d0-11e5-a72f-94de802c','3e527be0-4253-11e5-b03f-554c22cd',NULL,2),(484,1,0,0,0,0,'0',1,3,'4703c3d7-52d0-11e5-a72f-94de802c','3e527be0-4253-11e5-b03f-554c22cd',NULL,2),(485,1,0,0,0,0,'0',1,1,'4703c3d7-52d0-11e5-a72f-94de802c','3e527be0-4253-11e5-b03f-554c22cd',NULL,5),(486,1,0,0,0,0,'0',4,1,'4703c3d7-52d0-11e5-a72f-94de802c','3e527be0-4253-11e5-b03f-554c22cd',NULL,5),(487,1,0,0,0,0,'0',1,1,'4703c3d7-52d0-11e5-a72f-94de802c','3e527be0-4253-11e5-b03f-554c22cd',NULL,5),(488,1,0,0,0,0,'0',1,2,'4703c3d7-52d0-11e5-a72f-94de802c','3e527be0-4253-11e5-b03f-554c22cd',NULL,5),(489,1,0,0,0,0,'0',1,1,'4703c3d7-52d0-11e5-a72f-94de802c','3e527be0-4253-11e5-b03f-554c22cd',NULL,2),(490,1,0,0,0,0,'0',1,1,'4703c3d7-52d0-11e5-a72f-94de802c','3e527be0-4253-11e5-b03f-554c22cd',NULL,2),(491,1,0,0,0,0,'0',1,2,'4703c3d7-52d0-11e5-a72f-94de802c','3e527be0-4253-11e5-b03f-554c22cd',NULL,2),(492,1,0,0,0,0,'0',1,1,'4703c3d7-52d0-11e5-a72f-94de802c','3e527be0-4253-11e5-b03f-554c22cd',NULL,2),(493,1,0,0,0,0,'0',1,1,'4703c3d7-52d0-11e5-a72f-94de802c','3e527be0-4253-11e5-b03f-554c22cd',NULL,2),(494,1,0,0,0,0,'0',1,2,'4703c3d7-52d0-11e5-a72f-94de802c','3e527be0-4253-11e5-b03f-554c22cd',NULL,2),(495,1,0,0,0,0,'0',1,3,'4703c3d7-52d0-11e5-a72f-94de802c','3e527be0-4253-11e5-b03f-554c22cd',NULL,2),(496,1,0,0,0,0,'0',1,1,'4703c3d7-52d0-11e5-a72f-94de802c','3e527be0-4253-11e5-b03f-554c22cd',NULL,2),(497,1,0,0,0,0,'0',1,2,'4703c3d7-52d0-11e5-a72f-94de802c','3e527be0-4253-11e5-b03f-554c22cd',NULL,2),(498,1,0,0,0,0,'0',1,3,'4703c3d7-52d0-11e5-a72f-94de802c','3e527be0-4253-11e5-b03f-554c22cd',NULL,2),(499,1,0,0,0,0,'0',1,1,'4703c3d7-52d0-11e5-a72f-94de802c','3e527be0-4253-11e5-b03f-554c22cd',NULL,5),(500,1,0,0,0,0,'0',1,2,'4703c3d7-52d0-11e5-a72f-94de802c','3e527be0-4253-11e5-b03f-554c22cd',NULL,5),(501,1,0,0,0,0,'0',1,3,'4703c3d7-52d0-11e5-a72f-94de802c','3e527be0-4253-11e5-b03f-554c22cd',NULL,5),(502,1,0,0,0,0,'0',1,4,'4703c3d7-52d0-11e5-a72f-94de802c','3e527be0-4253-11e5-b03f-554c22cd',NULL,5),(503,1,0,0,0,0,'0',1,5,'4703c3d7-52d0-11e5-a72f-94de802c','3e527be0-4253-11e5-b03f-554c22cd',NULL,5),(504,1,0,0,0,0,'0',1,6,'4703c3d7-52d0-11e5-a72f-94de802c','3e527be0-4253-11e5-b03f-554c22cd',NULL,5),(505,2,0,0,0,0,'0',2,1,'4703c3d7-52d0-11e5-a72f-94de802c','3e527be1-4253-11e5-b03f-554c22cd',NULL,1),(506,2,0,0,0,0,'0',2,2,'4703c3d7-52d0-11e5-a72f-94de802c','3e527be1-4253-11e5-b03f-554c22cd',NULL,1),(507,2,0,0,0,0,'0',2,3,'4703c3d7-52d0-11e5-a72f-94de802c','3e527be1-4253-11e5-b03f-554c22cd',NULL,1),(508,2,0,0,0,0,'0',2,4,'4703c3d7-52d0-11e5-a72f-94de802c','3e527be1-4253-11e5-b03f-554c22cd',NULL,1),(509,2,0,0,0,0,'0',2,5,'4703c3d7-52d0-11e5-a72f-94de802c','3e527be1-4253-11e5-b03f-554c22cd',NULL,1),(510,2,0,0,0,0,'0',2,6,'4703c3d7-52d0-11e5-a72f-94de802c','3e527be1-4253-11e5-b03f-554c22cd',NULL,1),(511,3,0,0,0,0,'0',1,1,'4703c3d7-52d0-11e5-a72f-94de802c','3e527be0-4253-11e5-b03f-554c22cd',NULL,2),(512,3,0,0,0,0,'0',1,2,'4703c3d7-52d0-11e5-a72f-94de802c','3e527be0-4253-11e5-b03f-554c22cd',NULL,2),(513,3,0,0,0,0,'0',1,3,'4703c3d7-52d0-11e5-a72f-94de802c','3e527be0-4253-11e5-b03f-554c22cd',NULL,2),(514,3,0,0,0,0,'0',1,4,'4703c3d7-52d0-11e5-a72f-94de802c','3e527be0-4253-11e5-b03f-554c22cd',NULL,2),(515,3,0,0,0,0,'0',1,5,'4703c3d7-52d0-11e5-a72f-94de802c','3e527be0-4253-11e5-b03f-554c22cd',NULL,2),(516,3,0,0,0,0,'0',1,6,'4703c3d7-52d0-11e5-a72f-94de802c','3e527be0-4253-11e5-b03f-554c22cd',NULL,2),(517,4,0,0,0,0,'0',4,1,'4703c3d7-52d0-11e5-a72f-94de802c','3e527be0-4253-11e5-b03f-554c22cd',NULL,5),(518,4,0,0,0,0,'0',4,2,'4703c3d7-52d0-11e5-a72f-94de802c','3e527be0-4253-11e5-b03f-554c22cd',NULL,5),(519,4,0,0,0,0,'0',4,3,'4703c3d7-52d0-11e5-a72f-94de802c','3e527be0-4253-11e5-b03f-554c22cd',NULL,5),(520,4,0,0,0,0,'0',4,4,'4703c3d7-52d0-11e5-a72f-94de802c','3e527be0-4253-11e5-b03f-554c22cd',NULL,5),(521,4,0,0,0,0,'0',4,5,'4703c3d7-52d0-11e5-a72f-94de802c','3e527be0-4253-11e5-b03f-554c22cd',NULL,5),(522,4,0,0,0,0,'0',4,6,'4703c3d7-52d0-11e5-a72f-94de802c','3e527be0-4253-11e5-b03f-554c22cd',NULL,5),(523,5,0,0,0,0,'0',1,1,'4703c3d7-52d0-11e5-a72f-94de802c','3e527be0-4253-11e5-b03f-554c22cd',NULL,5),(524,5,0,0,0,0,'0',1,2,'4703c3d7-52d0-11e5-a72f-94de802c','3e527be0-4253-11e5-b03f-554c22cd',NULL,5),(525,5,0,0,0,0,'0',1,3,'4703c3d7-52d0-11e5-a72f-94de802c','3e527be0-4253-11e5-b03f-554c22cd',NULL,5),(526,5,0,0,0,0,'0',1,4,'4703c3d7-52d0-11e5-a72f-94de802c','3e527be0-4253-11e5-b03f-554c22cd',NULL,5),(527,5,0,0,0,0,'0',1,5,'4703c3d7-52d0-11e5-a72f-94de802c','3e527be0-4253-11e5-b03f-554c22cd',NULL,5),(528,5,0,0,0,0,'0',1,6,'4703c3d7-52d0-11e5-a72f-94de802c','3e527be0-4253-11e5-b03f-554c22cd',NULL,5),(529,6,0,0,0,0,'0',4,1,'4703c3d7-52d0-11e5-a72f-94de802c','3e527be0-4253-11e5-b03f-554c22cd',NULL,5),(530,6,0,0,0,0,'0',4,2,'4703c3d7-52d0-11e5-a72f-94de802c','3e527be0-4253-11e5-b03f-554c22cd',NULL,5),(531,6,0,0,0,0,'0',4,3,'4703c3d7-52d0-11e5-a72f-94de802c','3e527be0-4253-11e5-b03f-554c22cd',NULL,5),(532,6,0,0,0,0,'0',4,4,'4703c3d7-52d0-11e5-a72f-94de802c','3e527be0-4253-11e5-b03f-554c22cd',NULL,5),(533,6,0,0,0,0,'0',4,5,'4703c3d7-52d0-11e5-a72f-94de802c','3e527be0-4253-11e5-b03f-554c22cd',NULL,5),(534,6,0,0,0,0,'0',4,6,'4703c3d7-52d0-11e5-a72f-94de802c','3e527be0-4253-11e5-b03f-554c22cd',NULL,5),(535,7,0,0,0,0,'0',1,1,'4703c3d7-52d0-11e5-a72f-94de802c','3e527be0-4253-11e5-b03f-554c22cd',NULL,5),(536,7,0,0,0,0,'0',1,2,'4703c3d7-52d0-11e5-a72f-94de802c','3e527be0-4253-11e5-b03f-554c22cd',NULL,5),(537,7,0,0,0,0,'0',1,3,'4703c3d7-52d0-11e5-a72f-94de802c','3e527be0-4253-11e5-b03f-554c22cd',NULL,5),(538,7,0,0,0,0,'0',1,4,'4703c3d7-52d0-11e5-a72f-94de802c','3e527be0-4253-11e5-b03f-554c22cd',NULL,5),(539,7,0,0,0,0,'0',1,5,'4703c3d7-52d0-11e5-a72f-94de802c','3e527be0-4253-11e5-b03f-554c22cd',NULL,5),(540,7,0,0,0,0,'0',1,6,'4703c3d7-52d0-11e5-a72f-94de802c','3e527be0-4253-11e5-b03f-554c22cd',NULL,5),(541,8,0,0,0,0,'0',4,1,'4703c3d7-52d0-11e5-a72f-94de802c','3e527be0-4253-11e5-b03f-554c22cd',NULL,5),(542,8,0,0,0,0,'0',4,2,'4703c3d7-52d0-11e5-a72f-94de802c','3e527be0-4253-11e5-b03f-554c22cd',NULL,5),(543,8,0,0,0,0,'0',4,3,'4703c3d7-52d0-11e5-a72f-94de802c','3e527be0-4253-11e5-b03f-554c22cd',NULL,5),(544,8,0,0,0,0,'0',4,4,'4703c3d7-52d0-11e5-a72f-94de802c','3e527be0-4253-11e5-b03f-554c22cd',NULL,5),(545,8,0,0,0,0,'0',4,5,'4703c3d7-52d0-11e5-a72f-94de802c','3e527be0-4253-11e5-b03f-554c22cd',NULL,5),(546,8,0,0,0,0,'0',4,6,'4703c3d7-52d0-11e5-a72f-94de802c','3e527be0-4253-11e5-b03f-554c22cd',NULL,5),(547,9,0,0,0,0,'0',1,1,'4703c3d7-52d0-11e5-a72f-94de802c','3e527be0-4253-11e5-b03f-554c22cd',NULL,5),(548,9,0,0,0,0,'0',1,2,'4703c3d7-52d0-11e5-a72f-94de802c','3e527be0-4253-11e5-b03f-554c22cd',NULL,5),(549,9,0,0,0,0,'0',1,3,'4703c3d7-52d0-11e5-a72f-94de802c','3e527be0-4253-11e5-b03f-554c22cd',NULL,5),(550,9,0,0,0,0,'0',1,4,'4703c3d7-52d0-11e5-a72f-94de802c','3e527be0-4253-11e5-b03f-554c22cd',NULL,5),(551,9,0,0,0,0,'0',1,5,'4703c3d7-52d0-11e5-a72f-94de802c','3e527be0-4253-11e5-b03f-554c22cd',NULL,5),(552,9,0,0,0,0,'0',1,6,'4703c3d7-52d0-11e5-a72f-94de802c','3e527be0-4253-11e5-b03f-554c22cd',NULL,5),(553,10,0,0,0,0,'0',4,1,'4703c3d7-52d0-11e5-a72f-94de802c','3e527be0-4253-11e5-b03f-554c22cd',NULL,5),(554,10,0,0,0,0,'0',4,2,'4703c3d7-52d0-11e5-a72f-94de802c','3e527be0-4253-11e5-b03f-554c22cd',NULL,5),(555,10,0,0,0,0,'0',4,3,'4703c3d7-52d0-11e5-a72f-94de802c','3e527be0-4253-11e5-b03f-554c22cd',NULL,5),(556,10,0,0,0,0,'0',4,4,'4703c3d7-52d0-11e5-a72f-94de802c','3e527be0-4253-11e5-b03f-554c22cd',NULL,5),(557,10,0,0,0,0,'0',4,5,'4703c3d7-52d0-11e5-a72f-94de802c','3e527be0-4253-11e5-b03f-554c22cd',NULL,5),(558,10,0,0,0,0,'0',4,6,'4703c3d7-52d0-11e5-a72f-94de802c','3e527be0-4253-11e5-b03f-554c22cd',NULL,5),(559,11,0,0,0,0,'0',1,1,'4703c3d7-52d0-11e5-a72f-94de802c','3e527be0-4253-11e5-b03f-554c22cd',NULL,5),(560,11,0,0,0,0,'0',1,2,'4703c3d7-52d0-11e5-a72f-94de802c','3e527be0-4253-11e5-b03f-554c22cd',NULL,5),(561,11,0,0,0,0,'0',1,3,'4703c3d7-52d0-11e5-a72f-94de802c','3e527be0-4253-11e5-b03f-554c22cd',NULL,5),(562,11,0,0,0,0,'0',1,4,'4703c3d7-52d0-11e5-a72f-94de802c','3e527be0-4253-11e5-b03f-554c22cd',NULL,5),(563,11,0,0,0,0,'0',1,5,'4703c3d7-52d0-11e5-a72f-94de802c','3e527be0-4253-11e5-b03f-554c22cd',NULL,5),(564,11,0,0,0,0,'0',1,6,'4703c3d7-52d0-11e5-a72f-94de802c','3e527be0-4253-11e5-b03f-554c22cd',NULL,5),(565,12,0,0,0,0,'0',4,1,'4703c3d7-52d0-11e5-a72f-94de802c','3e527be0-4253-11e5-b03f-554c22cd',NULL,2),(566,12,0,0,0,0,'0',4,2,'4703c3d7-52d0-11e5-a72f-94de802c','3e527be0-4253-11e5-b03f-554c22cd',NULL,2),(567,12,0,0,0,0,'0',4,3,'4703c3d7-52d0-11e5-a72f-94de802c','3e527be0-4253-11e5-b03f-554c22cd',NULL,2),(568,12,0,0,0,0,'0',4,4,'4703c3d7-52d0-11e5-a72f-94de802c','3e527be0-4253-11e5-b03f-554c22cd',NULL,2),(569,12,0,0,0,0,'0',4,5,'4703c3d7-52d0-11e5-a72f-94de802c','3e527be0-4253-11e5-b03f-554c22cd',NULL,2),(570,12,0,0,0,0,'0',4,6,'4703c3d7-52d0-11e5-a72f-94de802c','3e527be0-4253-11e5-b03f-554c22cd',NULL,2),(571,13,0,0,0,0,'0',1,1,'4703c3d7-52d0-11e5-a72f-94de802c','3e527be0-4253-11e5-b03f-554c22cd',NULL,5),(572,13,0,0,0,0,'0',1,2,'4703c3d7-52d0-11e5-a72f-94de802c','3e527be0-4253-11e5-b03f-554c22cd',NULL,5),(573,13,0,0,0,0,'0',1,3,'4703c3d7-52d0-11e5-a72f-94de802c','3e527be0-4253-11e5-b03f-554c22cd',NULL,5),(574,1,0,0,0,0,'0',1,1,'b4e4d229-551a-11e5-ad03-94de802c','3e527be0-4253-11e5-b03f-554c22cd',NULL,5),(575,1,0,0,0,0,'0',1,1,'b4e4d229-551a-11e5-ad03-94de802c','3e527be0-4253-11e5-b03f-554c22cd',NULL,5),(576,1,0,0,0,0,'0',1,1,'b4e4d229-551a-11e5-ad03-94de802c','3e527be0-4253-11e5-b03f-554c22cd',NULL,2),(577,1,0,0,0,0,'0',1,2,'b4e4d229-551a-11e5-ad03-94de802c','3e527be0-4253-11e5-b03f-554c22cd',NULL,2),(578,1,0,0,0,0,'0',1,3,'b4e4d229-551a-11e5-ad03-94de802c','3e527be0-4253-11e5-b03f-554c22cd',NULL,2),(579,1,0,0,0,0,'0',1,4,'b4e4d229-551a-11e5-ad03-94de802c','3e527be0-4253-11e5-b03f-554c22cd',NULL,2),(580,1,0,0,0,0,'0',1,5,'b4e4d229-551a-11e5-ad03-94de802c','3e527be0-4253-11e5-b03f-554c22cd',NULL,2),(581,1,0,0,0,0,'0',1,6,'b4e4d229-551a-11e5-ad03-94de802c','3e527be0-4253-11e5-b03f-554c22cd',NULL,2),(582,2,0,0,0,0,'0',2,1,'b4e4d229-551a-11e5-ad03-94de802c','3e527be1-4253-11e5-b03f-554c22cd',NULL,1),(583,2,0,0,0,0,'0',2,2,'b4e4d229-551a-11e5-ad03-94de802c','3e527be1-4253-11e5-b03f-554c22cd',NULL,1),(584,2,0,0,0,0,'0',2,3,'b4e4d229-551a-11e5-ad03-94de802c','3e527be1-4253-11e5-b03f-554c22cd',NULL,1),(585,2,0,0,0,0,'0',2,4,'b4e4d229-551a-11e5-ad03-94de802c','3e527be1-4253-11e5-b03f-554c22cd',NULL,1),(586,2,0,0,0,0,'0',2,5,'b4e4d229-551a-11e5-ad03-94de802c','3e527be1-4253-11e5-b03f-554c22cd',NULL,1),(587,2,0,0,0,0,'0',2,6,'b4e4d229-551a-11e5-ad03-94de802c','3e527be1-4253-11e5-b03f-554c22cd',NULL,1),(588,3,0,0,0,0,'0',1,1,'b4e4d229-551a-11e5-ad03-94de802c','3e527be0-4253-11e5-b03f-554c22cd',NULL,2),(589,3,0,0,0,0,'0',1,2,'b4e4d229-551a-11e5-ad03-94de802c','3e527be0-4253-11e5-b03f-554c22cd',NULL,2),(590,3,0,0,0,0,'0',1,3,'b4e4d229-551a-11e5-ad03-94de802c','3e527be0-4253-11e5-b03f-554c22cd',NULL,2),(591,1,0,0,0,0,'0',1,1,'b4e4d229-551a-11e5-ad03-94de802c','3e527be0-4253-11e5-b03f-554c22cd',NULL,5),(592,1,0,0,0,0,'0',1,2,'b4e4d229-551a-11e5-ad03-94de802c','3e527be0-4253-11e5-b03f-554c22cd',NULL,5),(593,1,0,0,0,0,'0',1,4,'b4e4d229-551a-11e5-ad03-94de802c','3e527be0-4253-11e5-b03f-554c22cd',NULL,5),(594,1,0,0,0,0,'0',1,5,'b4e4d229-551a-11e5-ad03-94de802c','3e527be0-4253-11e5-b03f-554c22cd',NULL,5),(595,1,0,0,0,0,'0',1,6,'b4e4d229-551a-11e5-ad03-94de802c','3e527be0-4253-11e5-b03f-554c22cd',NULL,5),(596,2,0,0,0,0,'0',2,1,'b4e4d229-551a-11e5-ad03-94de802c','3e527be1-4253-11e5-b03f-554c22cd',NULL,1),(597,2,0,0,0,0,'0',2,2,'b4e4d229-551a-11e5-ad03-94de802c','3e527be1-4253-11e5-b03f-554c22cd',NULL,1),(598,2,0,0,0,0,'0',2,3,'b4e4d229-551a-11e5-ad03-94de802c','3e527be1-4253-11e5-b03f-554c22cd',NULL,1),(599,2,0,0,0,0,'0',2,4,'b4e4d229-551a-11e5-ad03-94de802c','3e527be1-4253-11e5-b03f-554c22cd',NULL,1),(600,2,0,0,0,0,'0',2,5,'b4e4d229-551a-11e5-ad03-94de802c','3e527be1-4253-11e5-b03f-554c22cd',NULL,1),(601,2,0,0,0,0,'0',2,6,'b4e4d229-551a-11e5-ad03-94de802c','3e527be1-4253-11e5-b03f-554c22cd',NULL,1),(602,3,0,0,0,0,'0',1,1,'b4e4d229-551a-11e5-ad03-94de802c','3e527be0-4253-11e5-b03f-554c22cd',NULL,2),(603,3,0,0,0,0,'0',1,2,'b4e4d229-551a-11e5-ad03-94de802c','3e527be0-4253-11e5-b03f-554c22cd',NULL,2),(604,3,0,0,0,0,'0',1,3,'b4e4d229-551a-11e5-ad03-94de802c','3e527be0-4253-11e5-b03f-554c22cd',NULL,2),(605,3,0,0,0,0,'0',1,4,'b4e4d229-551a-11e5-ad03-94de802c','3e527be0-4253-11e5-b03f-554c22cd',NULL,2),(606,3,0,0,0,0,'0',1,5,'b4e4d229-551a-11e5-ad03-94de802c','3e527be0-4253-11e5-b03f-554c22cd',NULL,2),(607,3,0,0,0,0,'0',1,6,'b4e4d229-551a-11e5-ad03-94de802c','3e527be0-4253-11e5-b03f-554c22cd',NULL,2),(608,1,0,0,0,0,'0',1,1,'b4e4d229-551a-11e5-ad03-94de802c','3e527be0-4253-11e5-b03f-554c22cd',NULL,5),(609,1,0,0,0,0,'0',1,2,'b4e4d229-551a-11e5-ad03-94de802c','3e527be0-4253-11e5-b03f-554c22cd',NULL,5),(610,1,0,0,0,0,'0',1,3,'b4e4d229-551a-11e5-ad03-94de802c','3e527be0-4253-11e5-b03f-554c22cd',NULL,5),(611,1,0,0,0,0,'0',1,4,'b4e4d229-551a-11e5-ad03-94de802c','3e527be0-4253-11e5-b03f-554c22cd',NULL,5),(612,1,0,0,0,0,'0',1,5,'b4e4d229-551a-11e5-ad03-94de802c','3e527be0-4253-11e5-b03f-554c22cd',NULL,5),(613,1,0,0,0,0,'0',1,6,'b4e4d229-551a-11e5-ad03-94de802c','3e527be0-4253-11e5-b03f-554c22cd',NULL,5),(614,2,0,0,0,0,'0',2,1,'b4e4d229-551a-11e5-ad03-94de802c','3e527be1-4253-11e5-b03f-554c22cd',NULL,1),(615,2,0,0,0,0,'0',2,2,'b4e4d229-551a-11e5-ad03-94de802c','3e527be1-4253-11e5-b03f-554c22cd',NULL,1),(616,2,0,0,0,0,'0',2,3,'b4e4d229-551a-11e5-ad03-94de802c','3e527be1-4253-11e5-b03f-554c22cd',NULL,1),(617,2,0,0,0,0,'0',2,4,'b4e4d229-551a-11e5-ad03-94de802c','3e527be1-4253-11e5-b03f-554c22cd',NULL,1),(618,2,0,0,0,0,'0',2,5,'b4e4d229-551a-11e5-ad03-94de802c','3e527be1-4253-11e5-b03f-554c22cd',NULL,1),(619,2,0,0,0,0,'0',2,6,'b4e4d229-551a-11e5-ad03-94de802c','3e527be1-4253-11e5-b03f-554c22cd',NULL,1),(620,3,0,0,0,0,'0',1,1,'b4e4d229-551a-11e5-ad03-94de802c','3e527be0-4253-11e5-b03f-554c22cd',NULL,2),(621,3,0,0,0,0,'0',1,2,'b4e4d229-551a-11e5-ad03-94de802c','3e527be0-4253-11e5-b03f-554c22cd',NULL,2),(622,3,0,0,0,0,'0',1,3,'b4e4d229-551a-11e5-ad03-94de802c','3e527be0-4253-11e5-b03f-554c22cd',NULL,2),(623,3,0,0,0,0,'0',1,4,'b4e4d229-551a-11e5-ad03-94de802c','3e527be0-4253-11e5-b03f-554c22cd',NULL,2),(624,3,0,0,0,0,'0',1,5,'b4e4d229-551a-11e5-ad03-94de802c','3e527be0-4253-11e5-b03f-554c22cd',NULL,2),(625,3,0,0,0,0,'0',1,6,'b4e4d229-551a-11e5-ad03-94de802c','3e527be0-4253-11e5-b03f-554c22cd',NULL,2),(626,4,0,0,0,0,'0',6,1,'b4e4d229-551a-11e5-ad03-94de802c','3e527be0-4253-11e5-b03f-554c22cd',NULL,5),(627,4,0,0,0,0,'0',6,2,'b4e4d229-551a-11e5-ad03-94de802c','3e527be0-4253-11e5-b03f-554c22cd',NULL,5),(628,4,0,0,0,0,'0',6,3,'b4e4d229-551a-11e5-ad03-94de802c','3e527be0-4253-11e5-b03f-554c22cd',NULL,5),(629,4,0,0,0,0,'0',6,4,'b4e4d229-551a-11e5-ad03-94de802c','3e527be0-4253-11e5-b03f-554c22cd',NULL,5),(630,4,0,0,0,0,'0',6,6,'b4e4d229-551a-11e5-ad03-94de802c','3e527be0-4253-11e5-b03f-554c22cd',NULL,5),(631,5,0,0,0,0,'0',1,2,'b4e4d229-551a-11e5-ad03-94de802c','3e527be0-4253-11e5-b03f-554c22cd',NULL,5),(632,5,0,0,0,0,'0',1,3,'b4e4d229-551a-11e5-ad03-94de802c','3e527be0-4253-11e5-b03f-554c22cd',NULL,5),(633,5,0,0,0,0,'0',1,4,'b4e4d229-551a-11e5-ad03-94de802c','3e527be0-4253-11e5-b03f-554c22cd',NULL,5),(634,5,0,0,0,0,'0',1,5,'b4e4d229-551a-11e5-ad03-94de802c','3e527be0-4253-11e5-b03f-554c22cd',NULL,5),(635,1,0,0,0,0,'0',1,1,'b4e4d229-551a-11e5-ad03-94de802c','3e527be0-4253-11e5-b03f-554c22cd',NULL,2),(636,1,0,0,0,0,'0',1,2,'b4e4d229-551a-11e5-ad03-94de802c','3e527be0-4253-11e5-b03f-554c22cd',NULL,2),(637,1,0,0,0,0,'0',1,3,'b4e4d229-551a-11e5-ad03-94de802c','3e527be0-4253-11e5-b03f-554c22cd',NULL,2),(638,1,0,0,0,0,'0',1,4,'b4e4d229-551a-11e5-ad03-94de802c','3e527be0-4253-11e5-b03f-554c22cd',NULL,2),(639,1,0,0,0,0,'0',1,5,'b4e4d229-551a-11e5-ad03-94de802c','3e527be0-4253-11e5-b03f-554c22cd',NULL,2),(640,1,0,0,0,0,'0',1,1,'b4e4d229-551a-11e5-ad03-94de802c','3e527be0-4253-11e5-b03f-554c22cd',NULL,2),(641,1,0,0,0,0,'0',1,2,'b4e4d229-551a-11e5-ad03-94de802c','3e527be0-4253-11e5-b03f-554c22cd',NULL,2),(642,1,0,0,0,0,'0',1,3,'b4e4d229-551a-11e5-ad03-94de802c','3e527be0-4253-11e5-b03f-554c22cd',NULL,2),(643,1,0,0,0,0,'0',1,4,'b4e4d229-551a-11e5-ad03-94de802c','3e527be0-4253-11e5-b03f-554c22cd',NULL,2),(644,1,0,0,0,0,'0',1,5,'b4e4d229-551a-11e5-ad03-94de802c','3e527be0-4253-11e5-b03f-554c22cd',NULL,2),(645,1,0,0,0,0,'0',1,6,'b4e4d229-551a-11e5-ad03-94de802c','3e527be0-4253-11e5-b03f-554c22cd',NULL,2),(646,2,0,0,0,0,'0',2,1,'b4e4d229-551a-11e5-ad03-94de802c','3e527be1-4253-11e5-b03f-554c22cd',NULL,1),(647,2,0,0,0,0,'0',2,2,'b4e4d229-551a-11e5-ad03-94de802c','3e527be1-4253-11e5-b03f-554c22cd',NULL,1),(648,2,0,0,0,0,'0',2,3,'b4e4d229-551a-11e5-ad03-94de802c','3e527be1-4253-11e5-b03f-554c22cd',NULL,1),(649,2,0,0,0,0,'0',2,4,'b4e4d229-551a-11e5-ad03-94de802c','3e527be1-4253-11e5-b03f-554c22cd',NULL,1),(650,2,0,0,0,0,'0',2,5,'b4e4d229-551a-11e5-ad03-94de802c','3e527be1-4253-11e5-b03f-554c22cd',NULL,1),(651,2,0,0,0,0,'0',2,6,'b4e4d229-551a-11e5-ad03-94de802c','3e527be1-4253-11e5-b03f-554c22cd',NULL,1),(652,3,0,0,0,0,'0',1,1,'b4e4d229-551a-11e5-ad03-94de802c','3e527be0-4253-11e5-b03f-554c22cd',NULL,2),(653,1,0,0,0,0,'0',1,1,'b4e4d229-551a-11e5-ad03-94de802c','3e527be0-4253-11e5-b03f-554c22cd',NULL,2),(654,1,0,0,0,0,'0',1,2,'b4e4d229-551a-11e5-ad03-94de802c','3e527be0-4253-11e5-b03f-554c22cd',NULL,2),(655,1,0,0,0,0,'0',1,3,'b4e4d229-551a-11e5-ad03-94de802c','3e527be0-4253-11e5-b03f-554c22cd',NULL,2),(656,1,0,0,0,0,'0',1,4,'b4e4d229-551a-11e5-ad03-94de802c','3e527be0-4253-11e5-b03f-554c22cd',NULL,2),(657,1,0,0,0,0,'0',1,5,'b4e4d229-551a-11e5-ad03-94de802c','3e527be0-4253-11e5-b03f-554c22cd',NULL,2),(658,1,0,0,0,0,'0',1,6,'b4e4d229-551a-11e5-ad03-94de802c','3e527be0-4253-11e5-b03f-554c22cd',NULL,2),(659,2,0,0,0,0,'0',2,1,'b4e4d229-551a-11e5-ad03-94de802c','3e527be1-4253-11e5-b03f-554c22cd',NULL,1),(660,2,0,0,0,0,'0',2,2,'b4e4d229-551a-11e5-ad03-94de802c','3e527be1-4253-11e5-b03f-554c22cd',NULL,1),(661,2,0,0,0,0,'0',2,3,'b4e4d229-551a-11e5-ad03-94de802c','3e527be1-4253-11e5-b03f-554c22cd',NULL,1),(662,2,0,0,0,0,'0',2,4,'b4e4d229-551a-11e5-ad03-94de802c','3e527be1-4253-11e5-b03f-554c22cd',NULL,1),(663,2,0,0,0,0,'0',2,5,'b4e4d229-551a-11e5-ad03-94de802c','3e527be1-4253-11e5-b03f-554c22cd',NULL,1),(664,2,0,0,0,0,'0',2,6,'b4e4d229-551a-11e5-ad03-94de802c','3e527be1-4253-11e5-b03f-554c22cd',NULL,1),(665,3,0,0,0,0,'0',1,1,'b4e4d229-551a-11e5-ad03-94de802c','3e527be0-4253-11e5-b03f-554c22cd',NULL,2),(666,3,0,0,0,0,'0',1,2,'b4e4d229-551a-11e5-ad03-94de802c','3e527be0-4253-11e5-b03f-554c22cd',NULL,2),(667,3,0,0,0,0,'0',1,3,'b4e4d229-551a-11e5-ad03-94de802c','3e527be0-4253-11e5-b03f-554c22cd',NULL,2),(668,3,0,0,0,0,'0',1,4,'b4e4d229-551a-11e5-ad03-94de802c','3e527be0-4253-11e5-b03f-554c22cd',NULL,2),(669,3,0,0,0,0,'0',1,5,'b4e4d229-551a-11e5-ad03-94de802c','3e527be0-4253-11e5-b03f-554c22cd',NULL,2),(670,3,0,0,0,0,'0',1,6,'b4e4d229-551a-11e5-ad03-94de802c','3e527be0-4253-11e5-b03f-554c22cd',NULL,2),(671,4,0,0,0,0,'0',6,1,'b4e4d229-551a-11e5-ad03-94de802c','3e527be0-4253-11e5-b03f-554c22cd',NULL,5),(672,1,0,0,0,0,'0',1,1,'b4e4d229-551a-11e5-ad03-94de802c','3e527be0-4253-11e5-b03f-554c22cd',NULL,2),(673,1,0,0,0,0,'0',1,2,'b4e4d229-551a-11e5-ad03-94de802c','3e527be0-4253-11e5-b03f-554c22cd',NULL,2),(674,1,0,0,0,0,'0',1,1,'b4e4d229-551a-11e5-ad03-94de802c','3e527be0-4253-11e5-b03f-554c22cd',NULL,5),(675,1,0,0,0,0,'0',1,2,'b4e4d229-551a-11e5-ad03-94de802c','3e527be0-4253-11e5-b03f-554c22cd',NULL,5),(676,1,0,0,0,0,'0',1,3,'b4e4d229-551a-11e5-ad03-94de802c','3e527be0-4253-11e5-b03f-554c22cd',NULL,5),(677,1,0,0,0,0,'0',1,4,'b4e4d229-551a-11e5-ad03-94de802c','3e527be0-4253-11e5-b03f-554c22cd',NULL,5),(678,1,0,0,0,0,'0',1,5,'b4e4d229-551a-11e5-ad03-94de802c','3e527be0-4253-11e5-b03f-554c22cd',NULL,5),(679,1,0,0,0,0,'0',1,6,'b4e4d229-551a-11e5-ad03-94de802c','3e527be0-4253-11e5-b03f-554c22cd',NULL,5),(680,2,0,0,0,0,'0',2,1,'b4e4d229-551a-11e5-ad03-94de802c','3e527be1-4253-11e5-b03f-554c22cd',NULL,1),(681,2,0,0,0,0,'0',2,2,'b4e4d229-551a-11e5-ad03-94de802c','3e527be1-4253-11e5-b03f-554c22cd',NULL,1),(682,2,0,0,0,0,'0',2,3,'b4e4d229-551a-11e5-ad03-94de802c','3e527be1-4253-11e5-b03f-554c22cd',NULL,1),(683,2,0,0,0,0,'0',2,4,'b4e4d229-551a-11e5-ad03-94de802c','3e527be1-4253-11e5-b03f-554c22cd',NULL,1),(684,2,0,0,0,0,'0',2,5,'b4e4d229-551a-11e5-ad03-94de802c','3e527be1-4253-11e5-b03f-554c22cd',NULL,1),(685,2,0,0,0,0,'0',2,6,'b4e4d229-551a-11e5-ad03-94de802c','3e527be1-4253-11e5-b03f-554c22cd',NULL,1),(686,3,0,0,0,0,'0',1,1,'b4e4d229-551a-11e5-ad03-94de802c','3e527be0-4253-11e5-b03f-554c22cd',NULL,2),(687,3,0,0,0,0,'0',1,2,'b4e4d229-551a-11e5-ad03-94de802c','3e527be0-4253-11e5-b03f-554c22cd',NULL,2),(688,3,0,0,0,0,'0',1,3,'b4e4d229-551a-11e5-ad03-94de802c','3e527be0-4253-11e5-b03f-554c22cd',NULL,2),(689,3,0,0,0,0,'0',1,4,'b4e4d229-551a-11e5-ad03-94de802c','3e527be0-4253-11e5-b03f-554c22cd',NULL,2),(690,3,0,0,0,0,'0',1,5,'b4e4d229-551a-11e5-ad03-94de802c','3e527be0-4253-11e5-b03f-554c22cd',NULL,2),(691,3,0,0,0,0,'0',1,6,'b4e4d229-551a-11e5-ad03-94de802c','3e527be0-4253-11e5-b03f-554c22cd',NULL,2),(692,4,0,0,0,0,'0',6,1,'b4e4d229-551a-11e5-ad03-94de802c','3e527be0-4253-11e5-b03f-554c22cd',NULL,5),(693,4,0,0,0,0,'0',6,2,'b4e4d229-551a-11e5-ad03-94de802c','3e527be0-4253-11e5-b03f-554c22cd',NULL,5),(694,4,0,0,0,0,'0',6,3,'b4e4d229-551a-11e5-ad03-94de802c','3e527be0-4253-11e5-b03f-554c22cd',NULL,5),(695,4,0,0,0,0,'0',6,4,'b4e4d229-551a-11e5-ad03-94de802c','3e527be0-4253-11e5-b03f-554c22cd',NULL,5),(696,4,0,0,0,0,'0',6,5,'b4e4d229-551a-11e5-ad03-94de802c','3e527be0-4253-11e5-b03f-554c22cd',NULL,5),(697,4,0,0,0,0,'0',6,6,'b4e4d229-551a-11e5-ad03-94de802c','3e527be0-4253-11e5-b03f-554c22cd',NULL,5),(698,5,0,0,0,0,'0',1,1,'b4e4d229-551a-11e5-ad03-94de802c','3e527be0-4253-11e5-b03f-554c22cd',NULL,5),(699,5,0,0,0,0,'0',1,2,'b4e4d229-551a-11e5-ad03-94de802c','3e527be0-4253-11e5-b03f-554c22cd',NULL,5),(700,5,0,0,0,0,'0',1,3,'b4e4d229-551a-11e5-ad03-94de802c','3e527be0-4253-11e5-b03f-554c22cd',NULL,5),(701,5,0,0,0,0,'0',1,4,'b4e4d229-551a-11e5-ad03-94de802c','3e527be0-4253-11e5-b03f-554c22cd',NULL,5),(702,5,0,0,0,0,'0',1,5,'b4e4d229-551a-11e5-ad03-94de802c','3e527be0-4253-11e5-b03f-554c22cd',NULL,5),(703,5,0,0,0,0,'0',1,6,'b4e4d229-551a-11e5-ad03-94de802c','3e527be0-4253-11e5-b03f-554c22cd',NULL,5),(704,6,0,0,0,0,'0',6,1,'b4e4d229-551a-11e5-ad03-94de802c','3e527be0-4253-11e5-b03f-554c22cd',NULL,5),(705,1,0,0,0,0,'0',1,1,'ac7cbc46-55df-11e5-96b0-94de802c','3e527be0-4253-11e5-b03f-554c22cd',NULL,5),(706,1,0,0,0,0,'0',1,2,'ac7cbc46-55df-11e5-96b0-94de802c','3e527be0-4253-11e5-b03f-554c22cd',NULL,5),(707,1,0,0,0,0,'0',1,3,'ac7cbc46-55df-11e5-96b0-94de802c','3e527be0-4253-11e5-b03f-554c22cd',NULL,5),(708,1,0,0,0,0,'0',1,4,'ac7cbc46-55df-11e5-96b0-94de802c','3e527be0-4253-11e5-b03f-554c22cd',NULL,5),(709,1,0,0,0,0,'0',1,5,'ac7cbc46-55df-11e5-96b0-94de802c','3e527be0-4253-11e5-b03f-554c22cd',NULL,5),(710,1,0,0,0,0,'0',1,6,'ac7cbc46-55df-11e5-96b0-94de802c','3e527be0-4253-11e5-b03f-554c22cd',NULL,5),(711,2,0,0,0,0,'0',2,1,'ac7cbc46-55df-11e5-96b0-94de802c','3e527be1-4253-11e5-b03f-554c22cd',NULL,1),(712,2,0,0,0,0,'0',2,2,'ac7cbc46-55df-11e5-96b0-94de802c','3e527be1-4253-11e5-b03f-554c22cd',NULL,1),(713,2,0,0,0,0,'0',2,3,'ac7cbc46-55df-11e5-96b0-94de802c','3e527be1-4253-11e5-b03f-554c22cd',NULL,1),(714,2,0,0,0,0,'0',2,4,'ac7cbc46-55df-11e5-96b0-94de802c','3e527be1-4253-11e5-b03f-554c22cd',NULL,1),(715,2,0,0,0,0,'0',2,5,'ac7cbc46-55df-11e5-96b0-94de802c','3e527be1-4253-11e5-b03f-554c22cd',NULL,1),(716,2,0,0,0,0,'0',2,6,'ac7cbc46-55df-11e5-96b0-94de802c','3e527be1-4253-11e5-b03f-554c22cd',NULL,1),(717,3,0,0,0,0,'0',1,1,'ac7cbc46-55df-11e5-96b0-94de802c','3e527be0-4253-11e5-b03f-554c22cd',NULL,2),(718,3,0,0,0,0,'0',1,2,'ac7cbc46-55df-11e5-96b0-94de802c','3e527be0-4253-11e5-b03f-554c22cd',NULL,2),(719,3,0,0,0,0,'0',1,3,'ac7cbc46-55df-11e5-96b0-94de802c','3e527be0-4253-11e5-b03f-554c22cd',NULL,2),(720,3,0,0,0,0,'0',1,4,'ac7cbc46-55df-11e5-96b0-94de802c','3e527be0-4253-11e5-b03f-554c22cd',NULL,2),(721,3,0,0,0,0,'0',1,5,'ac7cbc46-55df-11e5-96b0-94de802c','3e527be0-4253-11e5-b03f-554c22cd',NULL,2),(722,3,0,0,0,0,'0',1,6,'ac7cbc46-55df-11e5-96b0-94de802c','3e527be0-4253-11e5-b03f-554c22cd',NULL,2),(723,4,0,0,0,0,'0',4,1,'ac7cbc46-55df-11e5-96b0-94de802c','3e527be0-4253-11e5-b03f-554c22cd',NULL,5),(724,4,0,0,0,0,'0',4,2,'ac7cbc46-55df-11e5-96b0-94de802c','3e527be0-4253-11e5-b03f-554c22cd',NULL,5),(725,4,0,0,0,0,'0',4,3,'ac7cbc46-55df-11e5-96b0-94de802c','3e527be0-4253-11e5-b03f-554c22cd',NULL,5),(726,4,0,0,0,0,'0',4,4,'ac7cbc46-55df-11e5-96b0-94de802c','3e527be0-4253-11e5-b03f-554c22cd',NULL,5),(727,4,0,0,0,0,'0',4,5,'ac7cbc46-55df-11e5-96b0-94de802c','3e527be0-4253-11e5-b03f-554c22cd',NULL,5),(728,4,0,0,0,0,'0',4,6,'ac7cbc46-55df-11e5-96b0-94de802c','3e527be0-4253-11e5-b03f-554c22cd',NULL,5),(729,5,0,0,0,0,'0',1,1,'ac7cbc46-55df-11e5-96b0-94de802c','3e527be0-4253-11e5-b03f-554c22cd',NULL,5),(730,5,0,0,0,0,'0',1,2,'ac7cbc46-55df-11e5-96b0-94de802c','3e527be0-4253-11e5-b03f-554c22cd',NULL,5),(731,5,0,0,0,0,'0',1,3,'ac7cbc46-55df-11e5-96b0-94de802c','3e527be0-4253-11e5-b03f-554c22cd',NULL,5),(732,5,0,0,0,0,'0',1,4,'ac7cbc46-55df-11e5-96b0-94de802c','3e527be0-4253-11e5-b03f-554c22cd',NULL,5),(733,5,0,0,0,0,'0',1,5,'ac7cbc46-55df-11e5-96b0-94de802c','3e527be0-4253-11e5-b03f-554c22cd',NULL,5),(734,5,0,0,0,0,'0',1,6,'ac7cbc46-55df-11e5-96b0-94de802c','3e527be0-4253-11e5-b03f-554c22cd',NULL,5),(735,6,0,0,0,0,'0',4,1,'ac7cbc46-55df-11e5-96b0-94de802c','3e527be0-4253-11e5-b03f-554c22cd',NULL,5),(736,6,0,0,0,0,'0',4,2,'ac7cbc46-55df-11e5-96b0-94de802c','3e527be0-4253-11e5-b03f-554c22cd',NULL,5),(737,6,0,0,0,0,'0',4,3,'ac7cbc46-55df-11e5-96b0-94de802c','3e527be0-4253-11e5-b03f-554c22cd',NULL,5),(738,6,0,0,0,0,'0',4,4,'ac7cbc46-55df-11e5-96b0-94de802c','3e527be0-4253-11e5-b03f-554c22cd',NULL,5),(739,6,0,0,0,0,'0',4,5,'ac7cbc46-55df-11e5-96b0-94de802c','3e527be0-4253-11e5-b03f-554c22cd',NULL,5),(740,6,0,0,0,0,'0',4,6,'ac7cbc46-55df-11e5-96b0-94de802c','3e527be0-4253-11e5-b03f-554c22cd',NULL,5),(741,7,0,0,0,0,'0',1,1,'ac7cbc46-55df-11e5-96b0-94de802c','3e527be0-4253-11e5-b03f-554c22cd',NULL,5),(742,7,0,0,0,0,'0',1,2,'ac7cbc46-55df-11e5-96b0-94de802c','3e527be0-4253-11e5-b03f-554c22cd',NULL,5),(743,7,0,0,0,0,'0',1,3,'ac7cbc46-55df-11e5-96b0-94de802c','3e527be0-4253-11e5-b03f-554c22cd',NULL,5),(744,7,0,0,0,0,'0',1,4,'ac7cbc46-55df-11e5-96b0-94de802c','3e527be0-4253-11e5-b03f-554c22cd',NULL,5),(745,7,0,0,0,0,'0',1,5,'ac7cbc46-55df-11e5-96b0-94de802c','3e527be0-4253-11e5-b03f-554c22cd',NULL,5),(746,7,0,0,0,0,'0',1,6,'ac7cbc46-55df-11e5-96b0-94de802c','3e527be0-4253-11e5-b03f-554c22cd',NULL,5),(747,8,0,0,0,0,'0',4,1,'ac7cbc46-55df-11e5-96b0-94de802c','3e527be0-4253-11e5-b03f-554c22cd',NULL,5),(748,8,0,0,0,0,'0',4,2,'ac7cbc46-55df-11e5-96b0-94de802c','3e527be0-4253-11e5-b03f-554c22cd',NULL,5),(749,8,0,0,0,0,'0',4,3,'ac7cbc46-55df-11e5-96b0-94de802c','3e527be0-4253-11e5-b03f-554c22cd',NULL,5),(750,8,0,0,0,0,'0',4,4,'ac7cbc46-55df-11e5-96b0-94de802c','3e527be0-4253-11e5-b03f-554c22cd',NULL,5),(751,8,0,0,0,0,'0',4,5,'ac7cbc46-55df-11e5-96b0-94de802c','3e527be0-4253-11e5-b03f-554c22cd',NULL,5),(752,8,0,0,0,0,'0',4,6,'ac7cbc46-55df-11e5-96b0-94de802c','3e527be0-4253-11e5-b03f-554c22cd',NULL,5),(753,9,0,0,0,0,'0',1,1,'ac7cbc46-55df-11e5-96b0-94de802c','3e527be0-4253-11e5-b03f-554c22cd',NULL,5),(754,9,0,0,0,0,'0',1,2,'ac7cbc46-55df-11e5-96b0-94de802c','3e527be0-4253-11e5-b03f-554c22cd',NULL,5),(755,9,0,0,0,0,'0',1,3,'ac7cbc46-55df-11e5-96b0-94de802c','3e527be0-4253-11e5-b03f-554c22cd',NULL,5),(756,9,0,0,0,0,'0',1,4,'ac7cbc46-55df-11e5-96b0-94de802c','3e527be0-4253-11e5-b03f-554c22cd',NULL,5),(757,9,0,0,0,0,'0',1,5,'ac7cbc46-55df-11e5-96b0-94de802c','3e527be0-4253-11e5-b03f-554c22cd',NULL,5),(758,9,0,0,0,0,'0',1,6,'ac7cbc46-55df-11e5-96b0-94de802c','3e527be0-4253-11e5-b03f-554c22cd',NULL,5),(759,10,0,0,0,0,'0',4,1,'ac7cbc46-55df-11e5-96b0-94de802c','3e527be0-4253-11e5-b03f-554c22cd',NULL,5),(760,10,0,0,0,0,'0',4,2,'ac7cbc46-55df-11e5-96b0-94de802c','3e527be0-4253-11e5-b03f-554c22cd',NULL,5),(761,10,0,0,0,0,'0',4,3,'ac7cbc46-55df-11e5-96b0-94de802c','3e527be0-4253-11e5-b03f-554c22cd',NULL,5),(762,10,0,0,0,0,'0',4,5,'ac7cbc46-55df-11e5-96b0-94de802c','3e527be0-4253-11e5-b03f-554c22cd',NULL,5),(763,10,0,0,0,0,'0',4,6,'ac7cbc46-55df-11e5-96b0-94de802c','3e527be0-4253-11e5-b03f-554c22cd',NULL,5),(764,11,0,0,0,0,'0',1,1,'ac7cbc46-55df-11e5-96b0-94de802c','3e527be0-4253-11e5-b03f-554c22cd',NULL,5),(765,11,0,0,0,0,'0',1,2,'ac7cbc46-55df-11e5-96b0-94de802c','3e527be0-4253-11e5-b03f-554c22cd',NULL,5),(766,1,1,0,0,0,'1',1,1,'ac7cbc46-55df-11e5-96b0-94de802c','3e527be0-4253-11e5-b03f-554c22cd',NULL,2),(767,1,1,0,0,0,'1',4,1,'ac7cbc46-55df-11e5-96b0-94de802c','3e527be0-4253-11e5-b03f-554c22cd',NULL,5),(768,1,1,0,0,0,'1',1,1,'ac7cbc46-55df-11e5-96b0-94de802c','3e527be0-4253-11e5-b03f-554c22cd',NULL,2),(769,1,0,0,0,6,'6',1,1,'ac7cbc46-55df-11e5-96b0-94de802c','3e527be0-4253-11e5-b03f-554c22cd',NULL,2),(770,1,1,0,0,5,'6',1,2,'ac7cbc46-55df-11e5-96b0-94de802c','3e527be0-4253-11e5-b03f-554c22cd',NULL,2),(771,1,1,0,0,0,'1',1,1,'ac7cbc46-55df-11e5-96b0-94de802c','3e527be0-4253-11e5-b03f-554c22cd',NULL,2),(772,1,1,0,0,6,'7',1,1,'ac7cbc46-55df-11e5-96b0-94de802c','3e527be0-4253-11e5-b03f-554c22cd',NULL,2),(773,1,0,0,0,0,'0',1,1,'ac7cbc46-55df-11e5-96b0-94de802c','3e527be0-4253-11e5-b03f-554c22cd',NULL,2),(774,1,0,0,0,0,'0',1,1,'ac7cbc46-55df-11e5-96b0-94de802c','3e527be0-4253-11e5-b03f-554c22cd',NULL,5),(775,1,1,0,0,6,'7',1,2,'ac7cbc46-55df-11e5-96b0-94de802c','3e527be0-4253-11e5-b03f-554c22cd',NULL,5),(776,1,0,0,0,0,'0',1,1,'ac7cbc46-55df-11e5-96b0-94de802c','3e527be0-4253-11e5-b03f-554c22cd',NULL,2),(777,1,1,0,0,6,'7',1,2,'ac7cbc46-55df-11e5-96b0-94de802c','3e527be0-4253-11e5-b03f-554c22cd',NULL,2),(778,1,0,0,0,0,'0',1,1,'ac7cbc46-55df-11e5-96b0-94de802c','3e527be0-4253-11e5-b03f-554c22cd',NULL,2),(779,1,1,0,0,0,'1',1,2,'ac7cbc46-55df-11e5-96b0-94de802c','3e527be0-4253-11e5-b03f-554c22cd',NULL,2),(780,1,0,0,0,6,'6',1,2,'ac7cbc46-55df-11e5-96b0-94de802c','3e527be0-4253-11e5-b03f-554c22cd',NULL,2),(781,1,1,0,0,6,'7',1,3,'ac7cbc46-55df-11e5-96b0-94de802c','3e527be0-4253-11e5-b03f-554c22cd',NULL,2),(782,1,0,0,0,0,'0',1,1,'ac7cbc46-55df-11e5-96b0-94de802c','3e527be0-4253-11e5-b03f-554c22cd',NULL,2),(783,1,0,0,0,6,'6',1,2,'ac7cbc46-55df-11e5-96b0-94de802c','3e527be0-4253-11e5-b03f-554c22cd',NULL,2),(784,1,0,0,0,5,'5',1,3,'ac7cbc46-55df-11e5-96b0-94de802c','3e527be0-4253-11e5-b03f-554c22cd',NULL,2),(785,1,0,0,0,0,'0',4,4,'ac7cbc46-55df-11e5-96b0-94de802c','3e527be0-4253-11e5-b03f-554c22cd',NULL,2),(786,1,0,0,0,5,'5',4,5,'ac7cbc46-55df-11e5-96b0-94de802c','3e527be0-4253-11e5-b03f-554c22cd',NULL,2),(787,1,0,0,0,0,'0',1,6,'ac7cbc46-55df-11e5-96b0-94de802c','3e527be0-4253-11e5-b03f-554c22cd',NULL,2),(788,2,0,0,0,0,'0',2,1,'ac7cbc46-55df-11e5-96b0-94de802c','3e527be1-4253-11e5-b03f-554c22cd',NULL,1),(789,2,0,0,0,0,'0',2,2,'ac7cbc46-55df-11e5-96b0-94de802c','3e527be1-4253-11e5-b03f-554c22cd',NULL,1),(790,2,0,0,0,0,'0',2,3,'ac7cbc46-55df-11e5-96b0-94de802c','3e527be1-4253-11e5-b03f-554c22cd',NULL,1),(791,2,0,0,0,0,'0',2,4,'ac7cbc46-55df-11e5-96b0-94de802c','3e527be1-4253-11e5-b03f-554c22cd',NULL,1),(792,2,0,0,0,0,'0',2,5,'ac7cbc46-55df-11e5-96b0-94de802c','3e527be1-4253-11e5-b03f-554c22cd',NULL,1),(793,1,0,0,0,0,'0',1,1,'ac7cbc46-55df-11e5-96b0-94de802c','3e527be0-4253-11e5-b03f-554c22cd',NULL,2),(794,1,0,0,0,0,'0',4,1,'ac7cbc46-55df-11e5-96b0-94de802c','3e527be0-4253-11e5-b03f-554c22cd',NULL,2),(795,1,0,0,0,0,'0',4,2,'ac7cbc46-55df-11e5-96b0-94de802c','3e527be0-4253-11e5-b03f-554c22cd',NULL,2),(796,1,0,0,0,0,'0',4,3,'ac7cbc46-55df-11e5-96b0-94de802c','3e527be0-4253-11e5-b03f-554c22cd',NULL,2),(797,1,0,0,0,0,'0',4,4,'ac7cbc46-55df-11e5-96b0-94de802c','3e527be0-4253-11e5-b03f-554c22cd',NULL,2),(798,1,0,0,0,0,'0',4,5,'ac7cbc46-55df-11e5-96b0-94de802c','3e527be0-4253-11e5-b03f-554c22cd',NULL,2),(799,1,0,0,0,0,'0',4,6,'ac7cbc46-55df-11e5-96b0-94de802c','3e527be0-4253-11e5-b03f-554c22cd',NULL,2),(800,2,0,0,0,0,'0',2,1,'ac7cbc46-55df-11e5-96b0-94de802c','3e527be1-4253-11e5-b03f-554c22cd',NULL,1),(801,2,0,0,0,0,'0',2,2,'ac7cbc46-55df-11e5-96b0-94de802c','3e527be1-4253-11e5-b03f-554c22cd',NULL,1),(802,2,0,0,0,0,'0',2,3,'ac7cbc46-55df-11e5-96b0-94de802c','3e527be1-4253-11e5-b03f-554c22cd',NULL,1),(803,2,0,0,0,0,'0',2,4,'ac7cbc46-55df-11e5-96b0-94de802c','3e527be1-4253-11e5-b03f-554c22cd',NULL,1),(804,2,0,0,0,0,'0',2,5,'ac7cbc46-55df-11e5-96b0-94de802c','3e527be1-4253-11e5-b03f-554c22cd',NULL,1),(805,2,0,0,0,0,'0',2,6,'ac7cbc46-55df-11e5-96b0-94de802c','3e527be1-4253-11e5-b03f-554c22cd',NULL,1),(806,1,0,0,0,0,'0',1,1,'ac7cbc46-55df-11e5-96b0-94de802c','3e527be0-4253-11e5-b03f-554c22cd',NULL,2),(807,1,0,0,0,0,'0',1,2,'ac7cbc46-55df-11e5-96b0-94de802c','3e527be0-4253-11e5-b03f-554c22cd',NULL,2),(808,1,0,0,0,0,'0',1,3,'ac7cbc46-55df-11e5-96b0-94de802c','3e527be0-4253-11e5-b03f-554c22cd',NULL,2),(809,1,0,0,0,0,'0',1,4,'ac7cbc46-55df-11e5-96b0-94de802c','3e527be0-4253-11e5-b03f-554c22cd',NULL,2),(810,1,0,0,0,0,'0',1,5,'ac7cbc46-55df-11e5-96b0-94de802c','3e527be0-4253-11e5-b03f-554c22cd',NULL,2),(811,1,0,0,0,0,'0',1,6,'ac7cbc46-55df-11e5-96b0-94de802c','3e527be0-4253-11e5-b03f-554c22cd',NULL,2),(812,2,0,0,0,0,'0',2,1,'ac7cbc46-55df-11e5-96b0-94de802c','3e527be1-4253-11e5-b03f-554c22cd',NULL,4),(813,2,1,0,0,0,'1',2,2,'ac7cbc46-55df-11e5-96b0-94de802c','3e527be1-4253-11e5-b03f-554c22cd',NULL,4),(814,2,1,0,0,0,'1',2,2,'ac7cbc46-55df-11e5-96b0-94de802c','3e527be1-4253-11e5-b03f-554c22cd',NULL,4),(815,2,0,0,0,0,'0',2,2,'ac7cbc46-55df-11e5-96b0-94de802c','3e527be1-4253-11e5-b03f-554c22cd',NULL,4),(816,2,0,0,0,0,'0',2,3,'ac7cbc46-55df-11e5-96b0-94de802c','3e527be1-4253-11e5-b03f-554c22cd',NULL,4),(817,1,0,0,0,0,'0',1,1,'ac7cbc46-55df-11e5-96b0-94de802c','3e527be0-4253-11e5-b03f-554c22cd',NULL,2),(818,1,0,0,0,0,'0',1,2,'ac7cbc46-55df-11e5-96b0-94de802c','3e527be0-4253-11e5-b03f-554c22cd',NULL,2),(819,1,0,0,0,0,'0',1,3,'ac7cbc46-55df-11e5-96b0-94de802c','3e527be0-4253-11e5-b03f-554c22cd',NULL,2),(820,1,0,0,0,0,'0',1,4,'ac7cbc46-55df-11e5-96b0-94de802c','3e527be0-4253-11e5-b03f-554c22cd',NULL,2),(821,1,0,0,0,0,'0',1,1,'ac7cbc46-55df-11e5-96b0-94de802c','3e527be0-4253-11e5-b03f-554c22cd',NULL,5),(822,1,0,0,0,0,'0',1,2,'ac7cbc46-55df-11e5-96b0-94de802c','3e527be0-4253-11e5-b03f-554c22cd',NULL,5),(823,1,0,0,0,0,'0',1,3,'ac7cbc46-55df-11e5-96b0-94de802c','3e527be0-4253-11e5-b03f-554c22cd',NULL,5),(824,1,0,0,0,0,'0',1,4,'ac7cbc46-55df-11e5-96b0-94de802c','3e527be0-4253-11e5-b03f-554c22cd',NULL,5),(825,1,0,0,0,0,'0',1,5,'ac7cbc46-55df-11e5-96b0-94de802c','3e527be0-4253-11e5-b03f-554c22cd',NULL,5),(826,1,0,0,0,0,'0',1,6,'ac7cbc46-55df-11e5-96b0-94de802c','3e527be0-4253-11e5-b03f-554c22cd',NULL,5),(827,2,0,0,0,0,'0',2,1,'ac7cbc46-55df-11e5-96b0-94de802c','3e527be1-4253-11e5-b03f-554c22cd',NULL,1),(828,2,0,0,0,0,'0',2,2,'ac7cbc46-55df-11e5-96b0-94de802c','3e527be1-4253-11e5-b03f-554c22cd',NULL,1),(829,2,0,0,0,0,'0',2,3,'ac7cbc46-55df-11e5-96b0-94de802c','3e527be1-4253-11e5-b03f-554c22cd',NULL,1),(830,2,0,0,0,0,'0',2,4,'ac7cbc46-55df-11e5-96b0-94de802c','3e527be1-4253-11e5-b03f-554c22cd',NULL,1),(831,2,0,0,0,0,'0',2,5,'ac7cbc46-55df-11e5-96b0-94de802c','3e527be1-4253-11e5-b03f-554c22cd',NULL,1),(832,2,0,0,0,0,'0',2,6,'ac7cbc46-55df-11e5-96b0-94de802c','3e527be1-4253-11e5-b03f-554c22cd',NULL,1),(833,3,0,0,0,0,'0',1,1,'ac7cbc46-55df-11e5-96b0-94de802c','3e527be0-4253-11e5-b03f-554c22cd',NULL,2),(834,3,0,0,0,0,'0',1,2,'ac7cbc46-55df-11e5-96b0-94de802c','3e527be0-4253-11e5-b03f-554c22cd',NULL,2),(835,3,0,0,0,0,'0',1,3,'ac7cbc46-55df-11e5-96b0-94de802c','3e527be0-4253-11e5-b03f-554c22cd',NULL,2),(836,3,0,0,0,0,'0',1,4,'ac7cbc46-55df-11e5-96b0-94de802c','3e527be0-4253-11e5-b03f-554c22cd',NULL,2),(837,3,0,0,0,0,'0',1,5,'ac7cbc46-55df-11e5-96b0-94de802c','3e527be0-4253-11e5-b03f-554c22cd',NULL,2),(838,3,0,0,0,0,'0',1,6,'ac7cbc46-55df-11e5-96b0-94de802c','3e527be0-4253-11e5-b03f-554c22cd',NULL,2),(839,1,0,0,0,0,'0',1,1,'ac7cbc46-55df-11e5-96b0-94de802c','3e527be0-4253-11e5-b03f-554c22cd',NULL,5),(840,1,1,0,0,0,'1',1,2,'ac7cbc46-55df-11e5-96b0-94de802c','3e527be0-4253-11e5-b03f-554c22cd',NULL,5),(841,1,0,0,0,0,'0',1,2,'ac7cbc46-55df-11e5-96b0-94de802c','3e527be0-4253-11e5-b03f-554c22cd',NULL,5),(842,1,0,0,0,0,'0',1,3,'ac7cbc46-55df-11e5-96b0-94de802c','3e527be0-4253-11e5-b03f-554c22cd',NULL,5),(843,1,0,0,0,0,'0',1,4,'ac7cbc46-55df-11e5-96b0-94de802c','3e527be0-4253-11e5-b03f-554c22cd',NULL,5),(844,1,0,0,0,0,'0',1,5,'ac7cbc46-55df-11e5-96b0-94de802c','3e527be0-4253-11e5-b03f-554c22cd',NULL,5),(845,1,0,0,0,0,'0',1,6,'ac7cbc46-55df-11e5-96b0-94de802c','3e527be0-4253-11e5-b03f-554c22cd',NULL,5),(846,2,1,0,0,0,'1',2,1,'ac7cbc46-55df-11e5-96b0-94de802c','3e527be1-4253-11e5-b03f-554c22cd',NULL,4),(847,2,0,0,0,0,'undefined',2,1,'ac7cbc46-55df-11e5-96b0-94de802c','3e527be1-4253-11e5-b03f-554c22cd',NULL,4),(848,2,1,0,0,0,'1',2,2,'ac7cbc46-55df-11e5-96b0-94de802c','3e527be1-4253-11e5-b03f-554c22cd',NULL,4),(849,2,0,0,0,0,'0',2,2,'ac7cbc46-55df-11e5-96b0-94de802c','3e527be1-4253-11e5-b03f-554c22cd',NULL,4),(850,2,0,0,0,0,'0',2,3,'ac7cbc46-55df-11e5-96b0-94de802c','3e527be1-4253-11e5-b03f-554c22cd',NULL,4),(851,2,0,0,0,0,'0',2,4,'ac7cbc46-55df-11e5-96b0-94de802c','3e527be1-4253-11e5-b03f-554c22cd',NULL,4),(852,2,0,0,0,0,'0',2,5,'ac7cbc46-55df-11e5-96b0-94de802c','3e527be1-4253-11e5-b03f-554c22cd',NULL,4),(853,2,0,0,0,0,'0',2,6,'ac7cbc46-55df-11e5-96b0-94de802c','3e527be1-4253-11e5-b03f-554c22cd',NULL,4),(854,3,0,0,0,0,'0',1,1,'ac7cbc46-55df-11e5-96b0-94de802c','3e527be0-4253-11e5-b03f-554c22cd',NULL,2),(855,3,0,0,0,0,'0',1,2,'ac7cbc46-55df-11e5-96b0-94de802c','3e527be0-4253-11e5-b03f-554c22cd',NULL,2),(856,3,0,0,0,0,'0',1,3,'ac7cbc46-55df-11e5-96b0-94de802c','3e527be0-4253-11e5-b03f-554c22cd',NULL,2),(857,1,1,0,0,0,'1',1,1,'ac7cbc46-55df-11e5-96b0-94de802c','3e527be0-4253-11e5-b03f-554c22cd',NULL,5),(858,1,0,0,0,0,'0',1,1,'ac7cbc46-55df-11e5-96b0-94de802c','3e527be0-4253-11e5-b03f-554c22cd',NULL,5),(859,1,0,0,0,0,'0',1,1,'ac7cbc46-55df-11e5-96b0-94de802c','3e527be0-4253-11e5-b03f-554c22cd',NULL,5),(860,1,0,0,0,0,'0',1,1,'ac7cbc46-55df-11e5-96b0-94de802c','3e527be0-4253-11e5-b03f-554c22cd',NULL,2),(861,1,0,0,0,0,'0',1,1,'ac7cbc46-55df-11e5-96b0-94de802c','3e527be0-4253-11e5-b03f-554c22cd',NULL,5),(862,1,1,0,0,0,'1',1,2,'ac7cbc46-55df-11e5-96b0-94de802c','3e527be0-4253-11e5-b03f-554c22cd',NULL,5),(863,1,0,0,0,0,'0',1,2,'ac7cbc46-55df-11e5-96b0-94de802c','3e527be0-4253-11e5-b03f-554c22cd',NULL,5),(864,1,0,0,0,0,'0',1,3,'ac7cbc46-55df-11e5-96b0-94de802c','3e527be0-4253-11e5-b03f-554c22cd',NULL,5),(865,1,0,0,0,0,'0',1,4,'ac7cbc46-55df-11e5-96b0-94de802c','3e527be0-4253-11e5-b03f-554c22cd',NULL,5),(866,1,0,0,0,0,'0',1,5,'ac7cbc46-55df-11e5-96b0-94de802c','3e527be0-4253-11e5-b03f-554c22cd',NULL,5),(867,1,0,0,0,0,'0',1,6,'ac7cbc46-55df-11e5-96b0-94de802c','3e527be0-4253-11e5-b03f-554c22cd',NULL,5),(868,2,0,0,0,0,'0',2,1,'ac7cbc46-55df-11e5-96b0-94de802c','3e527be1-4253-11e5-b03f-554c22cd',NULL,1),(869,2,0,0,0,0,'0',2,2,'ac7cbc46-55df-11e5-96b0-94de802c','3e527be1-4253-11e5-b03f-554c22cd',NULL,1),(870,1,0,0,0,0,'0',1,1,'ac7cbc46-55df-11e5-96b0-94de802c','3e527be0-4253-11e5-b03f-554c22cd',NULL,2),(871,1,0,0,0,0,'0',1,1,'ac7cbc46-55df-11e5-96b0-94de802c','3e527be0-4253-11e5-b03f-554c22cd',NULL,5),(872,1,0,0,0,0,'0',1,2,'ac7cbc46-55df-11e5-96b0-94de802c','3e527be0-4253-11e5-b03f-554c22cd',NULL,5),(873,1,0,0,0,0,'0',1,3,'ac7cbc46-55df-11e5-96b0-94de802c','3e527be0-4253-11e5-b03f-554c22cd',NULL,5),(874,1,0,0,0,0,'0',1,4,'ac7cbc46-55df-11e5-96b0-94de802c','3e527be0-4253-11e5-b03f-554c22cd',NULL,5),(875,1,0,0,0,0,'0',1,1,'ac7cbc46-55df-11e5-96b0-94de802c','3e527be0-4253-11e5-b03f-554c22cd',NULL,5),(876,1,0,0,0,0,'0',1,2,'ac7cbc46-55df-11e5-96b0-94de802c','3e527be0-4253-11e5-b03f-554c22cd',NULL,5),(877,1,0,0,0,0,'0',1,3,'ac7cbc46-55df-11e5-96b0-94de802c','3e527be0-4253-11e5-b03f-554c22cd',NULL,5),(878,1,0,0,0,0,'0',1,1,'ac7cbc46-55df-11e5-96b0-94de802c','3e527be0-4253-11e5-b03f-554c22cd',NULL,2),(879,1,0,0,0,0,'0',1,2,'ac7cbc46-55df-11e5-96b0-94de802c','3e527be0-4253-11e5-b03f-554c22cd',NULL,2),(880,1,0,0,0,0,'0',1,3,'ac7cbc46-55df-11e5-96b0-94de802c','3e527be0-4253-11e5-b03f-554c22cd',NULL,2),(881,1,0,0,0,0,'0',1,4,'ac7cbc46-55df-11e5-96b0-94de802c','3e527be0-4253-11e5-b03f-554c22cd',NULL,2),(882,1,0,0,0,0,'0',1,1,'ac7cbc46-55df-11e5-96b0-94de802c','3e527be0-4253-11e5-b03f-554c22cd',NULL,5),(883,1,0,0,0,0,'0',1,2,'ac7cbc46-55df-11e5-96b0-94de802c','3e527be0-4253-11e5-b03f-554c22cd',NULL,5),(884,1,0,0,0,0,'0',1,1,'ac7cbc46-55df-11e5-96b0-94de802c','3e527be0-4253-11e5-b03f-554c22cd',NULL,2),(885,1,0,0,0,0,'0',1,2,'ac7cbc46-55df-11e5-96b0-94de802c','3e527be0-4253-11e5-b03f-554c22cd',NULL,2),(886,1,0,0,0,0,'0',1,3,'ac7cbc46-55df-11e5-96b0-94de802c','3e527be0-4253-11e5-b03f-554c22cd',NULL,2),(887,1,0,0,0,0,'0',1,4,'ac7cbc46-55df-11e5-96b0-94de802c','3e527be0-4253-11e5-b03f-554c22cd',NULL,2),(888,1,0,0,0,0,'0',1,5,'ac7cbc46-55df-11e5-96b0-94de802c','3e527be0-4253-11e5-b03f-554c22cd',NULL,2),(889,1,0,0,0,0,'0',1,1,'ac7cbc46-55df-11e5-96b0-94de802c','3e527be0-4253-11e5-b03f-554c22cd',NULL,2),(890,1,0,0,0,0,'0',1,2,'ac7cbc46-55df-11e5-96b0-94de802c','3e527be0-4253-11e5-b03f-554c22cd',NULL,2),(891,1,0,0,0,0,'0',1,3,'ac7cbc46-55df-11e5-96b0-94de802c','3e527be0-4253-11e5-b03f-554c22cd',NULL,2),(892,1,0,0,0,0,'0',1,4,'ac7cbc46-55df-11e5-96b0-94de802c','3e527be0-4253-11e5-b03f-554c22cd',NULL,2),(893,1,0,0,0,0,'0',1,5,'ac7cbc46-55df-11e5-96b0-94de802c','3e527be0-4253-11e5-b03f-554c22cd',NULL,2),(894,1,0,0,0,0,'0',1,1,'ac7cbc46-55df-11e5-96b0-94de802c','3e527be0-4253-11e5-b03f-554c22cd',NULL,2),(895,1,0,0,0,0,'0',1,2,'ac7cbc46-55df-11e5-96b0-94de802c','3e527be0-4253-11e5-b03f-554c22cd',NULL,2),(896,1,0,0,0,0,'0',1,1,'ac7cbc46-55df-11e5-96b0-94de802c','3e527be0-4253-11e5-b03f-554c22cd',NULL,2),(897,1,0,0,0,0,'0',1,1,'ac7cbc46-55df-11e5-96b0-94de802c','3e527be0-4253-11e5-b03f-554c22cd',NULL,5),(898,1,0,0,0,0,'0',1,2,'ac7cbc46-55df-11e5-96b0-94de802c','3e527be0-4253-11e5-b03f-554c22cd',NULL,5),(899,1,0,0,0,0,'0',1,3,'ac7cbc46-55df-11e5-96b0-94de802c','3e527be0-4253-11e5-b03f-554c22cd',NULL,5),(900,1,0,0,0,0,'0',1,4,'ac7cbc46-55df-11e5-96b0-94de802c','3e527be0-4253-11e5-b03f-554c22cd',NULL,5),(901,1,0,0,0,0,'0',1,1,'ac7cbc46-55df-11e5-96b0-94de802c','3e527be0-4253-11e5-b03f-554c22cd',NULL,5),(902,1,0,0,0,0,'0',1,2,'ac7cbc46-55df-11e5-96b0-94de802c','3e527be0-4253-11e5-b03f-554c22cd',NULL,5),(903,1,0,0,0,0,'0',1,3,'ac7cbc46-55df-11e5-96b0-94de802c','3e527be0-4253-11e5-b03f-554c22cd',NULL,5),(904,1,0,0,0,0,'0',1,4,'ac7cbc46-55df-11e5-96b0-94de802c','3e527be0-4253-11e5-b03f-554c22cd',NULL,5),(905,1,0,0,0,0,'0',1,5,'ac7cbc46-55df-11e5-96b0-94de802c','3e527be0-4253-11e5-b03f-554c22cd',NULL,5),(906,1,0,0,0,0,'0',1,1,'ac7cbc46-55df-11e5-96b0-94de802c','3e527be0-4253-11e5-b03f-554c22cd',NULL,2),(907,1,0,0,0,0,'0',1,1,'ac7cbc46-55df-11e5-96b0-94de802c','3e527be0-4253-11e5-b03f-554c22cd',NULL,2),(908,1,0,0,0,0,'0',1,2,'ac7cbc46-55df-11e5-96b0-94de802c','3e527be0-4253-11e5-b03f-554c22cd',NULL,2),(909,1,0,0,0,0,'0',1,1,'ac7cbc46-55df-11e5-96b0-94de802c','3e527be0-4253-11e5-b03f-554c22cd',NULL,5),(910,1,0,0,0,0,'0',1,2,'ac7cbc46-55df-11e5-96b0-94de802c','3e527be0-4253-11e5-b03f-554c22cd',NULL,5),(911,1,0,0,0,0,'0',1,3,'ac7cbc46-55df-11e5-96b0-94de802c','3e527be0-4253-11e5-b03f-554c22cd',NULL,5),(912,1,0,0,0,0,'0',1,4,'ac7cbc46-55df-11e5-96b0-94de802c','3e527be0-4253-11e5-b03f-554c22cd',NULL,5),(913,1,0,0,0,0,'0',1,1,'ac7cbc46-55df-11e5-96b0-94de802c','3e527be0-4253-11e5-b03f-554c22cd',NULL,5),(914,1,0,0,0,5,'5',1,2,'ac7cbc46-55df-11e5-96b0-94de802c','3e527be0-4253-11e5-b03f-554c22cd',NULL,5),(915,1,0,0,0,0,'0',1,1,'ac7cbc46-55df-11e5-96b0-94de802c','3e527be0-4253-11e5-b03f-554c22cd',NULL,2),(916,1,0,0,0,6,'6',1,2,'ac7cbc46-55df-11e5-96b0-94de802c','3e527be0-4253-11e5-b03f-554c22cd',NULL,2),(917,1,0,0,0,5,'5',1,3,'ac7cbc46-55df-11e5-96b0-94de802c','3e527be0-4253-11e5-b03f-554c22cd',NULL,2),(918,1,0,0,0,6,'6',1,1,'ac7cbc46-55df-11e5-96b0-94de802c','3e527be0-4253-11e5-b03f-554c22cd',NULL,2),(919,1,0,0,0,5,'5',1,2,'ac7cbc46-55df-11e5-96b0-94de802c','3e527be0-4253-11e5-b03f-554c22cd',NULL,2),(920,1,0,0,0,0,'0',1,1,'ac7cbc46-55df-11e5-96b0-94de802c','3e527be0-4253-11e5-b03f-554c22cd',NULL,2),(921,1,0,0,0,0,'0',1,1,'ac7cbc46-55df-11e5-96b0-94de802c','3e527be0-4253-11e5-b03f-554c22cd',NULL,2),(922,1,0,0,0,0,'0',1,1,'ac7cbc46-55df-11e5-96b0-94de802c','3e527be0-4253-11e5-b03f-554c22cd',NULL,2),(923,1,0,0,0,0,'0',1,1,'ac7cbc46-55df-11e5-96b0-94de802c','3e527be0-4253-11e5-b03f-554c22cd',NULL,2),(924,1,0,0,0,0,'0',1,1,'ac7cbc46-55df-11e5-96b0-94de802c','3e527be0-4253-11e5-b03f-554c22cd',NULL,2),(925,1,0,0,0,6,'6',1,2,'ac7cbc46-55df-11e5-96b0-94de802c','3e527be0-4253-11e5-b03f-554c22cd',NULL,2),(926,1,0,0,0,5,'5',1,3,'ac7cbc46-55df-11e5-96b0-94de802c','3e527be0-4253-11e5-b03f-554c22cd',NULL,2),(927,1,0,0,0,0,'0',4,4,'ac7cbc46-55df-11e5-96b0-94de802c','3e527be0-4253-11e5-b03f-554c22cd',NULL,2),(928,1,0,0,0,0,'0',1,1,'ac7cbc46-55df-11e5-96b0-94de802c','3e527be0-4253-11e5-b03f-554c22cd',NULL,2),(929,1,0,0,0,4,'4',1,2,'ac7cbc46-55df-11e5-96b0-94de802c','3e527be0-4253-11e5-b03f-554c22cd',NULL,2),(930,1,0,0,0,5,'5',1,3,'ac7cbc46-55df-11e5-96b0-94de802c','3e527be0-4253-11e5-b03f-554c22cd',NULL,2),(931,1,0,0,0,6,'6',4,4,'ac7cbc46-55df-11e5-96b0-94de802c','3e527be0-4253-11e5-b03f-554c22cd',NULL,2),(932,1,0,0,0,0,'0',1,1,'fa1ec4f0-56b1-11e5-a8a6-94de802c','3e527be0-4253-11e5-b03f-554c22cd',NULL,2),(933,1,0,0,0,0,'0',1,2,'fa1ec4f0-56b1-11e5-a8a6-94de802c','3e527be0-4253-11e5-b03f-554c22cd',NULL,2),(934,1,0,0,0,0,'0',1,1,'fa1ec4f0-56b1-11e5-a8a6-94de802c','3e527be0-4253-11e5-b03f-554c22cd',NULL,2),(935,1,0,0,0,0,'0',1,1,'fa1ec4f0-56b1-11e5-a8a6-94de802c','3e527be0-4253-11e5-b03f-554c22cd',NULL,2),(936,1,0,0,0,0,'0',1,1,'fa1ec4f0-56b1-11e5-a8a6-94de802c','3e527be0-4253-11e5-b03f-554c22cd',NULL,5),(937,1,0,0,0,0,'0',1,1,'fa1ec4f0-56b1-11e5-a8a6-94de802c','3e527be0-4253-11e5-b03f-554c22cd',NULL,5),(938,1,0,0,0,0,'0',1,1,'fa1ec4f0-56b1-11e5-a8a6-94de802c','3e527be0-4253-11e5-b03f-554c22cd',NULL,5),(939,1,0,0,0,6,'6',1,1,'fa1ec4f0-56b1-11e5-a8a6-94de802c','3e527be0-4253-11e5-b03f-554c22cd',NULL,2),(940,1,0,0,0,5,'5',1,2,'fa1ec4f0-56b1-11e5-a8a6-94de802c','3e527be0-4253-11e5-b03f-554c22cd',NULL,2),(941,1,0,0,0,6,'6',1,1,'fa1ec4f0-56b1-11e5-a8a6-94de802c','3e527be0-4253-11e5-b03f-554c22cd',NULL,5),(942,1,0,0,0,5,'5',1,2,'fa1ec4f0-56b1-11e5-a8a6-94de802c','3e527be0-4253-11e5-b03f-554c22cd',NULL,5),(943,1,0,0,0,0,'0',1,1,'fa1ec4f0-56b1-11e5-a8a6-94de802c','3e527be0-4253-11e5-b03f-554c22cd',NULL,5),(944,1,0,0,0,6,'6',1,1,'fa1ec4f0-56b1-11e5-a8a6-94de802c','3e527be0-4253-11e5-b03f-554c22cd',NULL,5),(945,1,0,0,0,1,'1',1,2,'fa1ec4f0-56b1-11e5-a8a6-94de802c','3e527be0-4253-11e5-b03f-554c22cd',NULL,5),(946,1,0,1,0,6,'7',1,1,'fa1ec4f0-56b1-11e5-a8a6-94de802c','3e527be0-4253-11e5-b03f-554c22cd',NULL,5),(947,1,0,1,0,5,'6',1,1,'fa1ec4f0-56b1-11e5-a8a6-94de802c','3e527be0-4253-11e5-b03f-554c22cd',NULL,5),(948,1,0,1,0,5,'6',1,1,'fa1ec4f0-56b1-11e5-a8a6-94de802c','3e527be0-4253-11e5-b03f-554c22cd',NULL,5),(949,1,0,0,0,5,'5',1,1,'fa1ec4f0-56b1-11e5-a8a6-94de802c','3e527be0-4253-11e5-b03f-554c22cd',NULL,5),(950,1,0,1,0,6,'7',6,2,'fa1ec4f0-56b1-11e5-a8a6-94de802c','3e527be0-4253-11e5-b03f-554c22cd',NULL,5),(951,1,0,0,0,0,'0',1,1,'fa1ec4f0-56b1-11e5-a8a6-94de802c','3e527be0-4253-11e5-b03f-554c22cd',NULL,5),(952,1,0,0,0,0,'0',1,1,'fa1ec4f0-56b1-11e5-a8a6-94de802c','3e527be0-4253-11e5-b03f-554c22cd',NULL,5),(953,1,0,0,0,0,'0',1,1,'3f7e6cee-5ab4-11e5-b666-94de802c','3e527be0-4253-11e5-b03f-554c22cd',NULL,5),(954,1,0,0,0,5,'5',1,1,'3f7e6cee-5ab4-11e5-b666-94de802c','3e527be0-4253-11e5-b03f-554c22cd',NULL,5),(955,1,0,0,1,5,'5',1,1,'3f7e6cee-5ab4-11e5-b666-94de802c','3e527be0-4253-11e5-b03f-554c22cd',NULL,5),(956,1,0,0,0,6,'6',4,2,'3f7e6cee-5ab4-11e5-b666-94de802c','3e527be0-4253-11e5-b03f-554c22cd',NULL,5),(957,1,0,0,0,4,'4',1,1,'3f7e6cee-5ab4-11e5-b666-94de802c','3e527be0-4253-11e5-b03f-554c22cd',NULL,5),(958,1,0,0,0,5,'5',1,1,'3f7e6cee-5ab4-11e5-b666-94de802c','3e527be0-4253-11e5-b03f-554c22cd',NULL,5),(959,1,0,0,0,4,'4',4,2,'3f7e6cee-5ab4-11e5-b666-94de802c','3e527be0-4253-11e5-b03f-554c22cd',NULL,5),(960,1,0,0,0,0,'undefined',1,2,'3f7e6cee-5ab4-11e5-b666-94de802c','3e527be0-4253-11e5-b03f-554c22cd',NULL,5),(961,1,0,0,0,0,'undefined',1,2,'3f7e6cee-5ab4-11e5-b666-94de802c','3e527be0-4253-11e5-b03f-554c22cd',NULL,2),(962,1,0,0,0,4,'4',1,3,'3f7e6cee-5ab4-11e5-b666-94de802c','3e527be0-4253-11e5-b03f-554c22cd',NULL,2),(963,1,0,1,0,0,'NaN',1,3,'3f7e6cee-5ab4-11e5-b666-94de802c','3e527be0-4253-11e5-b03f-554c22cd',NULL,5),(964,1,0,0,0,0,'0',1,1,'3f7e6cee-5ab4-11e5-b666-94de802c','3e527be0-4253-11e5-b03f-554c22cd',NULL,2),(965,1,0,0,0,5,'5',1,2,'3f7e6cee-5ab4-11e5-b666-94de802c','3e527be0-4253-11e5-b03f-554c22cd',NULL,2),(966,1,0,0,0,6,'6',6,3,'3f7e6cee-5ab4-11e5-b666-94de802c','3e527be0-4253-11e5-b03f-554c22cd',NULL,2),(967,1,0,0,0,0,'undefined',1,3,'3f7e6cee-5ab4-11e5-b666-94de802c','3e527be0-4253-11e5-b03f-554c22cd',NULL,5),(968,1,0,0,0,5,'5',1,1,'3f7e6cee-5ab4-11e5-b666-94de802c','3e527be0-4253-11e5-b03f-554c22cd',NULL,5),(969,1,0,0,0,6,'6',4,2,'3f7e6cee-5ab4-11e5-b666-94de802c','3e527be0-4253-11e5-b03f-554c22cd',NULL,5),(970,1,0,0,0,4,'4',4,3,'3f7e6cee-5ab4-11e5-b666-94de802c','3e527be0-4253-11e5-b03f-554c22cd',NULL,5),(971,1,0,0,0,0,'0',1,1,'3f7e6cee-5ab4-11e5-b666-94de802c','3e527be0-4253-11e5-b03f-554c22cd',NULL,2),(972,1,0,0,0,6,'6',1,2,'3f7e6cee-5ab4-11e5-b666-94de802c','3e527be0-4253-11e5-b03f-554c22cd',NULL,2),(973,1,0,0,0,6,'6',1,1,'3f7e6cee-5ab4-11e5-b666-94de802c','3e527be0-4253-11e5-b03f-554c22cd',NULL,2),(974,1,0,0,0,0,'0',1,1,'3f7e6cee-5ab4-11e5-b666-94de802c','3e527be0-4253-11e5-b03f-554c22cd',NULL,2),(975,1,0,0,0,0,'0',1,1,'3f7e6cee-5ab4-11e5-b666-94de802c','3e527be0-4253-11e5-b03f-554c22cd',NULL,5),(976,1,0,0,0,0,'0',1,2,'3f7e6cee-5ab4-11e5-b666-94de802c','3e527be0-4253-11e5-b03f-554c22cd',NULL,5),(977,1,0,0,0,2,'2',1,1,'3f7e6cee-5ab4-11e5-b666-94de802c','3e527be0-4253-11e5-b03f-554c22cd',NULL,5),(978,1,0,0,0,6,'6',1,1,'3f7e6cee-5ab4-11e5-b666-94de802c','3e527be0-4253-11e5-b03f-554c22cd',NULL,5),(979,1,0,0,0,0,'undefined',1,2,'eb27cefb-5c34-11e5-822e-94de802c','3e527be0-4253-11e5-b03f-554c22cd',NULL,5),(980,1,0,0,0,6,'6',1,3,'eb27cefb-5c34-11e5-822e-94de802c','3e527be0-4253-11e5-b03f-554c22cd',NULL,5),(981,1,0,0,0,0,'undefined',1,4,'eb27cefb-5c34-11e5-822e-94de802c','3e527be0-4253-11e5-b03f-554c22cd',NULL,5),(982,1,0,0,0,4,'4',1,1,'eb27cefb-5c34-11e5-822e-94de802c','3e527be0-4253-11e5-b03f-554c22cd',NULL,2),(983,1,0,0,0,3,'3',1,2,'eb27cefb-5c34-11e5-822e-94de802c','3e527be0-4253-11e5-b03f-554c22cd',NULL,2),(984,1,0,0,0,5,'5',1,1,'eb27cefb-5c34-11e5-822e-94de802c','3e527be0-4253-11e5-b03f-554c22cd',NULL,5),(985,1,0,0,0,4,'4',6,2,'eb27cefb-5c34-11e5-822e-94de802c','3e527be0-4253-11e5-b03f-554c22cd',NULL,5),(986,1,0,0,0,1,'1',1,1,'eb27cefb-5c34-11e5-822e-94de802c','3e527be0-4253-11e5-b03f-554c22cd',NULL,2),(987,1,0,0,0,1,'1',1,1,'eb27cefb-5c34-11e5-822e-94de802c','3e527be0-4253-11e5-b03f-554c22cd',NULL,5),(988,1,0,0,0,2,'2',6,2,'eb27cefb-5c34-11e5-822e-94de802c','3e527be0-4253-11e5-b03f-554c22cd',NULL,5),(989,1,0,0,0,1,'1',1,1,'eb27cefb-5c34-11e5-822e-94de802c','3e527be0-4253-11e5-b03f-554c22cd',NULL,5),(990,1,0,0,0,2,'2',6,2,'eb27cefb-5c34-11e5-822e-94de802c','3e527be0-4253-11e5-b03f-554c22cd',NULL,5),(991,1,0,0,0,1,'1',1,1,'eb27cefb-5c34-11e5-822e-94de802c','3e527be0-4253-11e5-b03f-554c22cd',NULL,5),(992,1,0,0,0,1,'1',1,1,'eb27cefb-5c34-11e5-822e-94de802c','3e527be0-4253-11e5-b03f-554c22cd',NULL,5),(993,1,0,0,0,1,'1',1,1,'eb27cefb-5c34-11e5-822e-94de802c','3e527be0-4253-11e5-b03f-554c22cd',NULL,5),(994,1,0,0,0,1,'1',1,1,'eb27cefb-5c34-11e5-822e-94de802c','3e527be0-4253-11e5-b03f-554c22cd',NULL,2),(995,1,0,0,0,1,'1',1,1,'eb27cefb-5c34-11e5-822e-94de802c','3e527be0-4253-11e5-b03f-554c22cd',NULL,5),(996,1,0,0,0,2,'2',4,2,'eb27cefb-5c34-11e5-822e-94de802c','3e527be0-4253-11e5-b03f-554c22cd',NULL,5),(997,1,0,0,0,1,'1',1,1,'eb27cefb-5c34-11e5-822e-94de802c','3e527be0-4253-11e5-b03f-554c22cd',NULL,2),(998,1,0,0,0,2,'2',6,2,'eb27cefb-5c34-11e5-822e-94de802c','3e527be0-4253-11e5-b03f-554c22cd',NULL,2),(999,1,0,0,0,1,'1',1,1,'eb27cefb-5c34-11e5-822e-94de802c','3e527be0-4253-11e5-b03f-554c22cd',NULL,2),(1000,1,0,0,0,2,'2',4,2,'eb27cefb-5c34-11e5-822e-94de802c','3e527be0-4253-11e5-b03f-554c22cd',NULL,2),(1001,1,0,0,0,1,'1',1,1,'eb27cefb-5c34-11e5-822e-94de802c','3e527be0-4253-11e5-b03f-554c22cd',NULL,2),(1002,1,0,0,0,2,'2',6,2,'eb27cefb-5c34-11e5-822e-94de802c','3e527be0-4253-11e5-b03f-554c22cd',NULL,2),(1003,1,0,0,0,1,'1',1,1,'eb27cefb-5c34-11e5-822e-94de802c','3e527be0-4253-11e5-b03f-554c22cd',NULL,2),(1004,1,0,0,0,2,'2',6,2,'eb27cefb-5c34-11e5-822e-94de802c','3e527be0-4253-11e5-b03f-554c22cd',NULL,2),(1005,1,0,0,0,3,'3',6,3,'eb27cefb-5c34-11e5-822e-94de802c','3e527be0-4253-11e5-b03f-554c22cd',NULL,2),(1006,1,0,0,0,0,'undefined',1,3,'eb27cefb-5c34-11e5-822e-94de802c','3e527be0-4253-11e5-b03f-554c22cd',NULL,2),(1007,1,0,0,0,4,'4',1,4,'eb27cefb-5c34-11e5-822e-94de802c','3e527be0-4253-11e5-b03f-554c22cd',NULL,2),(1008,1,0,0,0,1,'1',1,1,'eb27cefb-5c34-11e5-822e-94de802c','3e527be0-4253-11e5-b03f-554c22cd',NULL,2),(1009,1,0,0,0,2,'2',4,2,'eb27cefb-5c34-11e5-822e-94de802c','3e527be0-4253-11e5-b03f-554c22cd',NULL,2),(1010,1,0,0,0,3,'3',4,3,'eb27cefb-5c34-11e5-822e-94de802c','3e527be0-4253-11e5-b03f-554c22cd',NULL,2),(1011,1,0,0,0,0,'undefined',1,3,'eb27cefb-5c34-11e5-822e-94de802c','3e527be0-4253-11e5-b03f-554c22cd',NULL,2),(1012,1,0,0,0,1,'1',4,1,'eb27cefb-5c34-11e5-822e-94de802c','3e527be0-4253-11e5-b03f-554c22cd',NULL,2),(1013,1,0,0,0,2,'2',6,2,'eb27cefb-5c34-11e5-822e-94de802c','3e527be0-4253-11e5-b03f-554c22cd',NULL,2),(1014,1,0,0,0,1,'1',1,1,'eb27cefb-5c34-11e5-822e-94de802c','3e527be0-4253-11e5-b03f-554c22cd',NULL,2),(1015,1,0,0,0,2,'2',4,2,'eb27cefb-5c34-11e5-822e-94de802c','3e527be0-4253-11e5-b03f-554c22cd',NULL,2),(1016,1,0,0,0,3,'3',4,3,'eb27cefb-5c34-11e5-822e-94de802c','3e527be0-4253-11e5-b03f-554c22cd',NULL,2),(1017,1,0,0,0,0,'undefined',1,3,'eb27cefb-5c34-11e5-822e-94de802c','3e527be0-4253-11e5-b03f-554c22cd',NULL,2),(1018,1,0,0,0,6,'6',1,4,'eb27cefb-5c34-11e5-822e-94de802c','3e527be0-4253-11e5-b03f-554c22cd',NULL,2),(1019,1,0,0,0,1,'1',1,1,'eb27cefb-5c34-11e5-822e-94de802c','3e527be0-4253-11e5-b03f-554c22cd',NULL,2),(1020,1,0,0,0,2,'2',4,2,'eb27cefb-5c34-11e5-822e-94de802c','3e527be0-4253-11e5-b03f-554c22cd',NULL,2),(1021,1,0,0,0,3,'3',4,3,'eb27cefb-5c34-11e5-822e-94de802c','3e527be0-4253-11e5-b03f-554c22cd',NULL,2),(1022,1,0,0,0,1,'1',1,1,'eb27cefb-5c34-11e5-822e-94de802c','3e527be0-4253-11e5-b03f-554c22cd',NULL,2),(1023,1,0,0,0,2,'2',6,2,'eb27cefb-5c34-11e5-822e-94de802c','3e527be0-4253-11e5-b03f-554c22cd',NULL,2),(1024,1,0,0,0,3,'3',6,3,'eb27cefb-5c34-11e5-822e-94de802c','3e527be0-4253-11e5-b03f-554c22cd',NULL,2),(1025,1,0,0,0,1,'1',1,1,'eb27cefb-5c34-11e5-822e-94de802c','3e527be0-4253-11e5-b03f-554c22cd',NULL,2),(1026,1,0,0,0,2,'2',6,2,'eb27cefb-5c34-11e5-822e-94de802c','3e527be0-4253-11e5-b03f-554c22cd',NULL,2),(1027,1,0,0,0,0,'undefined',1,2,'eb27cefb-5c34-11e5-822e-94de802c','3e527be0-4253-11e5-b03f-554c22cd',NULL,2),(1028,1,0,0,0,3,'3',1,3,'eb27cefb-5c34-11e5-822e-94de802c','3e527be0-4253-11e5-b03f-554c22cd',NULL,2),(1029,1,0,0,0,1,'1',1,1,'eb27cefb-5c34-11e5-822e-94de802c','3e527be0-4253-11e5-b03f-554c22cd',NULL,2),(1030,1,0,0,0,2,'2',4,2,'eb27cefb-5c34-11e5-822e-94de802c','3e527be0-4253-11e5-b03f-554c22cd',NULL,2),(1031,1,0,0,0,0,'undefined',1,2,'eb27cefb-5c34-11e5-822e-94de802c','3e527be0-4253-11e5-b03f-554c22cd',NULL,2),(1032,1,0,0,0,1,'1',1,1,'eb27cefb-5c34-11e5-822e-94de802c','3e527be0-4253-11e5-b03f-554c22cd',NULL,2),(1033,1,0,0,0,2,'2',6,2,'eb27cefb-5c34-11e5-822e-94de802c','3e527be0-4253-11e5-b03f-554c22cd',NULL,2),(1034,1,0,0,0,0,'undefined',1,2,'eb27cefb-5c34-11e5-822e-94de802c','3e527be0-4253-11e5-b03f-554c22cd',NULL,2),(1035,1,0,0,0,3,'3',1,3,'eb27cefb-5c34-11e5-822e-94de802c','3e527be0-4253-11e5-b03f-554c22cd',NULL,2),(1036,1,0,0,0,1,'1',1,1,'eb27cefb-5c34-11e5-822e-94de802c','3e527be0-4253-11e5-b03f-554c22cd',NULL,2),(1037,1,0,0,0,2,'2',6,2,'eb27cefb-5c34-11e5-822e-94de802c','3e527be0-4253-11e5-b03f-554c22cd',NULL,2),(1038,1,0,0,0,0,'undefined',1,2,'eb27cefb-5c34-11e5-822e-94de802c','3e527be0-4253-11e5-b03f-554c22cd',NULL,2),(1039,1,0,0,0,4,'4',1,3,'eb27cefb-5c34-11e5-822e-94de802c','3e527be0-4253-11e5-b03f-554c22cd',NULL,2),(1040,1,0,0,0,1,'1',1,1,'1e8fd0ff-5cfc-11e5-ba70-94de802c','3e527be0-4253-11e5-b03f-554c22cd',NULL,2),(1041,1,0,0,0,2,'2',6,2,'1e8fd0ff-5cfc-11e5-ba70-94de802c','3e527be0-4253-11e5-b03f-554c22cd',NULL,2),(1042,1,0,0,0,1,'1',1,1,'1e8fd0ff-5cfc-11e5-ba70-94de802c','3e527be0-4253-11e5-b03f-554c22cd',NULL,2),(1043,1,0,0,0,2,'2',4,2,'1e8fd0ff-5cfc-11e5-ba70-94de802c','3e527be0-4253-11e5-b03f-554c22cd',NULL,2),(1044,1,0,0,0,1,'1',1,1,'1e8fd0ff-5cfc-11e5-ba70-94de802c','3e527be0-4253-11e5-b03f-554c22cd',NULL,2),(1045,1,0,0,0,2,'2',4,2,'1e8fd0ff-5cfc-11e5-ba70-94de802c','3e527be0-4253-11e5-b03f-554c22cd',NULL,2),(1046,1,0,0,0,1,'1',1,1,'1e8fd0ff-5cfc-11e5-ba70-94de802c','3e527be0-4253-11e5-b03f-554c22cd',NULL,2),(1047,1,0,0,0,1,'1',1,1,'1e8fd0ff-5cfc-11e5-ba70-94de802c','3e527be0-4253-11e5-b03f-554c22cd',NULL,2),(1048,1,0,0,0,1,'1',1,1,'1e8fd0ff-5cfc-11e5-ba70-94de802c','3e527be0-4253-11e5-b03f-554c22cd',NULL,2),(1049,1,0,0,0,2,'2',6,2,'1e8fd0ff-5cfc-11e5-ba70-94de802c','3e527be0-4253-11e5-b03f-554c22cd',NULL,2),(1050,1,0,0,0,1,'1',1,1,'1e8fd0ff-5cfc-11e5-ba70-94de802c','3e527be0-4253-11e5-b03f-554c22cd',NULL,2),(1051,1,0,0,0,1,'1',1,1,'1e8fd0ff-5cfc-11e5-ba70-94de802c','3e527be0-4253-11e5-b03f-554c22cd',NULL,2),(1052,1,0,0,0,1,'1',1,1,'1e8fd0ff-5cfc-11e5-ba70-94de802c','3e527be0-4253-11e5-b03f-554c22cd',NULL,2),(1053,1,0,0,0,2,'2',6,2,'1e8fd0ff-5cfc-11e5-ba70-94de802c','3e527be0-4253-11e5-b03f-554c22cd',NULL,2),(1054,1,0,0,0,1,'1',1,1,'1e8fd0ff-5cfc-11e5-ba70-94de802c','3e527be0-4253-11e5-b03f-554c22cd',NULL,2),(1055,1,0,0,0,2,'2',6,2,'1e8fd0ff-5cfc-11e5-ba70-94de802c','3e527be0-4253-11e5-b03f-554c22cd',NULL,2),(1056,1,0,0,0,1,'1',1,1,'1e8fd0ff-5cfc-11e5-ba70-94de802c','3e527be0-4253-11e5-b03f-554c22cd',NULL,2),(1057,1,0,0,0,2,'2',4,2,'1e8fd0ff-5cfc-11e5-ba70-94de802c','3e527be0-4253-11e5-b03f-554c22cd',NULL,2),(1058,1,0,0,0,1,'1',1,1,'1e8fd0ff-5cfc-11e5-ba70-94de802c','3e527be0-4253-11e5-b03f-554c22cd',NULL,2),(1059,1,0,0,0,2,'2',4,2,'1e8fd0ff-5cfc-11e5-ba70-94de802c','3e527be0-4253-11e5-b03f-554c22cd',NULL,2),(1060,1,0,0,0,1,'1',1,1,'1e8fd0ff-5cfc-11e5-ba70-94de802c','3e527be0-4253-11e5-b03f-554c22cd',NULL,2),(1061,1,0,0,0,2,'2',6,2,'1e8fd0ff-5cfc-11e5-ba70-94de802c','3e527be0-4253-11e5-b03f-554c22cd',NULL,2),(1062,1,0,0,0,1,'1',1,1,'1e8fd0ff-5cfc-11e5-ba70-94de802c','3e527be0-4253-11e5-b03f-554c22cd',NULL,2),(1063,1,0,0,0,2,'2',6,2,'1e8fd0ff-5cfc-11e5-ba70-94de802c','3e527be0-4253-11e5-b03f-554c22cd',NULL,2),(1064,1,0,0,0,1,'1',1,1,'1e8fd0ff-5cfc-11e5-ba70-94de802c','3e527be0-4253-11e5-b03f-554c22cd',NULL,2),(1065,1,0,0,0,2,'2',6,2,'1e8fd0ff-5cfc-11e5-ba70-94de802c','3e527be0-4253-11e5-b03f-554c22cd',NULL,2),(1066,1,0,0,0,1,'1',1,1,'1e8fd0ff-5cfc-11e5-ba70-94de802c','3e527be0-4253-11e5-b03f-554c22cd',NULL,2),(1067,1,0,0,0,2,'2',4,2,'1e8fd0ff-5cfc-11e5-ba70-94de802c','3e527be0-4253-11e5-b03f-554c22cd',NULL,2),(1068,1,0,0,0,0,'undefined',1,3,'1e8fd0ff-5cfc-11e5-ba70-94de802c','3e527be0-4253-11e5-b03f-554c22cd',NULL,2),(1069,1,0,1,0,0,'1',1,4,'1e8fd0ff-5cfc-11e5-ba70-94de802c','3e527be0-4253-11e5-b03f-554c22cd',NULL,2),(1070,1,0,0,0,1,'1',1,1,'1e8fd0ff-5cfc-11e5-ba70-94de802c','3e527be0-4253-11e5-b03f-554c22cd',NULL,2),(1071,1,0,0,0,2,'2',4,2,'1e8fd0ff-5cfc-11e5-ba70-94de802c','3e527be0-4253-11e5-b03f-554c22cd',NULL,2),(1072,1,0,0,0,0,'undefined',1,3,'1e8fd0ff-5cfc-11e5-ba70-94de802c','3e527be0-4253-11e5-b03f-554c22cd',NULL,2),(1073,1,0,0,0,1,'1',1,1,'1e8fd0ff-5cfc-11e5-ba70-94de802c','3e527be0-4253-11e5-b03f-554c22cd',NULL,2),(1074,1,0,0,0,2,'2',4,2,'1e8fd0ff-5cfc-11e5-ba70-94de802c','3e527be0-4253-11e5-b03f-554c22cd',NULL,2),(1075,1,0,0,0,0,'undefined',1,3,'1e8fd0ff-5cfc-11e5-ba70-94de802c','3e527be0-4253-11e5-b03f-554c22cd',NULL,2),(1076,1,0,0,0,1,'1',1,1,'1e8fd0ff-5cfc-11e5-ba70-94de802c','3e527be0-4253-11e5-b03f-554c22cd',NULL,2),(1077,1,0,1,0,0,'1',6,2,'1e8fd0ff-5cfc-11e5-ba70-94de802c','3e527be0-4253-11e5-b03f-554c22cd',NULL,2),(1078,1,0,0,0,0,'0',6,2,'1e8fd0ff-5cfc-11e5-ba70-94de802c','3e527be0-4253-11e5-b03f-554c22cd',NULL,2),(1079,1,0,1,0,0,'1',6,3,'1e8fd0ff-5cfc-11e5-ba70-94de802c','3e527be0-4253-11e5-b03f-554c22cd',NULL,2),(1080,1,0,1,0,0,'1',1,1,'1e8fd0ff-5cfc-11e5-ba70-94de802c','3e527be0-4253-11e5-b03f-554c22cd',NULL,2),(1081,1,0,0,0,0,'0',1,1,'1e8fd0ff-5cfc-11e5-ba70-94de802c','3e527be0-4253-11e5-b03f-554c22cd',NULL,2),(1082,1,0,1,0,0,'1',1,2,'1e8fd0ff-5cfc-11e5-ba70-94de802c','3e527be0-4253-11e5-b03f-554c22cd',NULL,2),(1083,1,0,0,0,1,'1',1,1,'1e8fd0ff-5cfc-11e5-ba70-94de802c','3e527be0-4253-11e5-b03f-554c22cd',NULL,2),(1084,1,1,0,0,0,'1',6,2,'1e8fd0ff-5cfc-11e5-ba70-94de802c','3e527be0-4253-11e5-b03f-554c22cd',NULL,2),(1085,1,1,0,0,0,'1',6,2,'1e8fd0ff-5cfc-11e5-ba70-94de802c','3e527be0-4253-11e5-b03f-554c22cd',NULL,2),(1086,1,0,0,0,1,'1',1,1,'1e8fd0ff-5cfc-11e5-ba70-94de802c','3e527be0-4253-11e5-b03f-554c22cd',NULL,2),(1087,1,0,0,0,1,'1',1,1,'1e8fd0ff-5cfc-11e5-ba70-94de802c','3e527be0-4253-11e5-b03f-554c22cd',NULL,2),(1088,1,1,0,0,0,'1',6,2,'1e8fd0ff-5cfc-11e5-ba70-94de802c','3e527be0-4253-11e5-b03f-554c22cd',NULL,2),(1089,1,1,0,0,0,'1',6,2,'1e8fd0ff-5cfc-11e5-ba70-94de802c','3e527be0-4253-11e5-b03f-554c22cd',NULL,2),(1090,1,0,0,0,1,'1',1,1,'1e8fd0ff-5cfc-11e5-ba70-94de802c','3e527be0-4253-11e5-b03f-554c22cd',NULL,2),(1091,1,0,1,0,0,'1',6,2,'1e8fd0ff-5cfc-11e5-ba70-94de802c','3e527be0-4253-11e5-b03f-554c22cd',NULL,2),(1092,1,0,1,0,0,'1',6,2,'1e8fd0ff-5cfc-11e5-ba70-94de802c','3e527be0-4253-11e5-b03f-554c22cd',NULL,2),(1093,1,0,0,0,1,'1',1,1,'1e8fd0ff-5cfc-11e5-ba70-94de802c','3e527be0-4253-11e5-b03f-554c22cd',NULL,5),(1094,1,0,0,0,1,'1',1,1,'1e8fd0ff-5cfc-11e5-ba70-94de802c','3e527be0-4253-11e5-b03f-554c22cd',NULL,2),(1095,1,0,1,0,0,'1',6,2,'1e8fd0ff-5cfc-11e5-ba70-94de802c','3e527be0-4253-11e5-b03f-554c22cd',NULL,2),(1096,1,0,0,0,6,'6',6,2,'1e8fd0ff-5cfc-11e5-ba70-94de802c','3e527be0-4253-11e5-b03f-554c22cd',NULL,2),(1097,1,0,0,0,1,'1',1,1,'1e8fd0ff-5cfc-11e5-ba70-94de802c','3e527be0-4253-11e5-b03f-554c22cd',NULL,2),(1098,1,0,0,0,2,'2',6,2,'1e8fd0ff-5cfc-11e5-ba70-94de802c','3e527be0-4253-11e5-b03f-554c22cd',NULL,2),(1099,1,0,0,0,0,'undefined',1,3,'1e8fd0ff-5cfc-11e5-ba70-94de802c','3e527be0-4253-11e5-b03f-554c22cd',NULL,2),(1100,1,0,0,0,4,'4',1,4,'1e8fd0ff-5cfc-11e5-ba70-94de802c','3e527be0-4253-11e5-b03f-554c22cd',NULL,2),(1101,1,0,0,0,1,'1',1,1,'1e8fd0ff-5cfc-11e5-ba70-94de802c','3e527be0-4253-11e5-b03f-554c22cd',NULL,2),(1102,1,0,0,0,2,'2',6,2,'1e8fd0ff-5cfc-11e5-ba70-94de802c','3e527be0-4253-11e5-b03f-554c22cd',NULL,2),(1103,1,0,0,0,3,'3',1,3,'1e8fd0ff-5cfc-11e5-ba70-94de802c','3e527be0-4253-11e5-b03f-554c22cd',NULL,2),(1104,1,0,1,0,0,'1',1,4,'1e8fd0ff-5cfc-11e5-ba70-94de802c','3e527be0-4253-11e5-b03f-554c22cd',NULL,2),(1105,1,0,0,0,4,'4',1,4,'1e8fd0ff-5cfc-11e5-ba70-94de802c','3e527be0-4253-11e5-b03f-554c22cd',NULL,2),(1106,1,0,0,0,0,'undefined',6,5,'1e8fd0ff-5cfc-11e5-ba70-94de802c','3e527be0-4253-11e5-b03f-554c22cd',NULL,2),(1107,1,0,0,0,1,'1',1,1,'1e8fd0ff-5cfc-11e5-ba70-94de802c','3e527be0-4253-11e5-b03f-554c22cd',NULL,2),(1108,1,0,0,0,2,'2',4,2,'1e8fd0ff-5cfc-11e5-ba70-94de802c','3e527be0-4253-11e5-b03f-554c22cd',NULL,2),(1109,1,0,1,0,0,'1',4,3,'1e8fd0ff-5cfc-11e5-ba70-94de802c','3e527be0-4253-11e5-b03f-554c22cd',NULL,2),(1110,1,0,0,0,0,'0',4,3,'1e8fd0ff-5cfc-11e5-ba70-94de802c','3e527be0-4253-11e5-b03f-554c22cd',NULL,2),(1111,1,0,1,0,0,'NaN',1,4,'1e8fd0ff-5cfc-11e5-ba70-94de802c','3e527be0-4253-11e5-b03f-554c22cd',NULL,2),(1112,1,0,0,0,1,'1',1,1,'1e8fd0ff-5cfc-11e5-ba70-94de802c','3e527be0-4253-11e5-b03f-554c22cd',NULL,2),(1113,1,0,1,0,0,'1',6,2,'1e8fd0ff-5cfc-11e5-ba70-94de802c','3e527be0-4253-11e5-b03f-554c22cd',NULL,2),(1114,1,0,0,0,1,'1',1,1,'1e8fd0ff-5cfc-11e5-ba70-94de802c','3e527be0-4253-11e5-b03f-554c22cd',NULL,2),(1115,1,0,1,0,0,'1',6,2,'1e8fd0ff-5cfc-11e5-ba70-94de802c','3e527be0-4253-11e5-b03f-554c22cd',NULL,2),(1116,1,0,0,0,1,'1',1,1,'1e8fd0ff-5cfc-11e5-ba70-94de802c','3e527be0-4253-11e5-b03f-554c22cd',NULL,2),(1117,1,0,1,0,0,'1',6,2,'1e8fd0ff-5cfc-11e5-ba70-94de802c','3e527be0-4253-11e5-b03f-554c22cd',NULL,2),(1118,1,0,0,0,1,'1',1,1,'1e8fd0ff-5cfc-11e5-ba70-94de802c','3e527be0-4253-11e5-b03f-554c22cd',NULL,2),(1119,1,0,1,0,0,'1',6,2,'1e8fd0ff-5cfc-11e5-ba70-94de802c','3e527be0-4253-11e5-b03f-554c22cd',NULL,2),(1120,1,0,0,0,1,'1',1,1,'1e8fd0ff-5cfc-11e5-ba70-94de802c','3e527be0-4253-11e5-b03f-554c22cd',NULL,2),(1121,1,0,1,0,0,'1',6,2,'1e8fd0ff-5cfc-11e5-ba70-94de802c','3e527be0-4253-11e5-b03f-554c22cd',NULL,2),(1122,1,0,0,0,0,'0',1,2,'1e8fd0ff-5cfc-11e5-ba70-94de802c','3e527be0-4253-11e5-b03f-554c22cd',NULL,2),(1123,1,0,0,0,3,'3',6,3,'1e8fd0ff-5cfc-11e5-ba70-94de802c','3e527be0-4253-11e5-b03f-554c22cd',NULL,2),(1124,1,0,1,0,0,'1',6,4,'1e8fd0ff-5cfc-11e5-ba70-94de802c','3e527be0-4253-11e5-b03f-554c22cd',NULL,2),(1125,1,1,0,0,0,'1',1,4,'1e8fd0ff-5cfc-11e5-ba70-94de802c','3e527be0-4253-11e5-b03f-554c22cd',NULL,2),(1126,1,0,0,0,0,'0',6,4,'1e8fd0ff-5cfc-11e5-ba70-94de802c','3e527be0-4253-11e5-b03f-554c22cd',NULL,2),(1127,1,0,0,0,2,'2',1,1,'6221125c-aed7-11e5-87a4-94de80c7','3e527be0-4253-11e5-b03f-554c22cd',NULL,3),(1128,1,0,1,0,0,'1',1,2,'6221125c-aed7-11e5-87a4-94de80c7','3e527be0-4253-11e5-b03f-554c22cd',NULL,3),(1129,1,0,0,0,3,'3',1,2,'6221125c-aed7-11e5-87a4-94de80c7','3e527be0-4253-11e5-b03f-554c22cd',NULL,3),(1130,1,0,0,1,0,'0',7,3,'6221125c-aed7-11e5-87a4-94de80c7','3e527be0-4253-11e5-b03f-554c22cd',NULL,3),(1131,1,0,0,0,2,'2',12,1,'caf1cb11-d47a-11e5-84ae-94de80c7','a7b3b860-d47a-11e5-8477-e5d110a4',NULL,13),(1132,1,0,0,0,1,'1',12,2,'caf1cb11-d47a-11e5-84ae-94de80c7','a7b3b860-d47a-11e5-8477-e5d110a4',NULL,13),(1133,1,0,0,0,3,'3',14,3,'caf1cb11-d47a-11e5-84ae-94de80c7','a7b3b860-d47a-11e5-8477-e5d110a4',NULL,13),(1134,1,0,0,0,6,'6',12,4,'caf1cb11-d47a-11e5-84ae-94de80c7','a7b3b860-d47a-11e5-8477-e5d110a4',NULL,13),(1135,1,0,0,0,0,'0',12,5,'caf1cb11-d47a-11e5-84ae-94de80c7','a7b3b860-d47a-11e5-8477-e5d110a4',NULL,13),(1136,1,0,0,0,6,'6',12,6,'caf1cb11-d47a-11e5-84ae-94de80c7','a7b3b860-d47a-11e5-8477-e5d110a4',NULL,13),(1137,1,1,0,0,0,'1',12,1,'dabc28c2-912b-11e6-95cc-94de80c7','a7b3b860-d47a-11e5-8477-e5d110a4',NULL,13),(1138,1,0,0,0,6,'6',12,1,'dabc28c2-912b-11e6-95cc-94de80c7','a7b3b860-d47a-11e5-8477-e5d110a4',NULL,13),(1139,1,0,0,0,1,'1',12,2,'dabc28c2-912b-11e6-95cc-94de80c7','a7b3b860-d47a-11e5-8477-e5d110a4',NULL,13),(1140,1,0,1,0,0,'1',12,1,'b93bb640-9753-11e6-a6ba-94de80c7','a7b3b860-d47a-11e5-8477-e5d110a4',NULL,15);
/*!40000 ALTER TABLE `ball` ENABLE KEYS */;
UNLOCK TABLES;

--
-- Table structure for table `match_info`
--

DROP TABLE IF EXISTS `match_info`;
/*!40101 SET @saved_cs_client     = @@character_set_client */;
/*!40101 SET character_set_client = utf8 */;
CREATE TABLE `match_info` (
  `id` char(32) NOT NULL DEFAULT '',
  `tournament_id` char(32) DEFAULT NULL,
  `first_team` char(32) DEFAULT NULL,
  `second_team` char(32) DEFAULT NULL,
  `status` varchar(10) NOT NULL,
  `winning_team` char(32) DEFAULT NULL,
  `total_over` int(3) NOT NULL,
  `over_limit` int(3) NOT NULL,
  `match_date` datetime DEFAULT NULL,
  `opt_for` enum('bat','bowl') DEFAULT NULL,
  `toss_won` char(32) DEFAULT NULL,
  PRIMARY KEY (`id`),
  KEY `id` (`id`)
) ENGINE=InnoDB DEFAULT CHARSET=latin1;
/*!40101 SET character_set_client = @saved_cs_client */;

--
-- Dumping data for table `match_info`
--

LOCK TABLES `match_info` WRITE;
/*!40000 ALTER TABLE `match_info` DISABLE KEYS */;
INSERT INTO `match_info` VALUES ('06c70800-b916-11e5-94a0-94de80c7','e0040600-b915-11e5-9fd5-f96d879e','e009f970-b915-11e5-9fd5-f96d879e','e00a2080-b915-11e5-9fd5-f96d879e','',NULL,16,4,'2016-01-12 15:49:55','bat','e009f970-b915-11e5-9fd5-f96d879e'),('1e8fd0ff-5cfc-11e5-ba70-94de802c','3e4c1340-4253-11e5-b03f-554c22cd','3e527be0-4253-11e5-b03f-554c22cd','3e527be1-4253-11e5-b03f-554c22cd','',NULL,1,1,'2015-09-17 10:52:41','bat','3e527be0-4253-11e5-b03f-554c22cd'),('3f7e6cee-5ab4-11e5-b666-94de802c',NULL,'3e527be0-4253-11e5-b03f-554c22cd','3e527be1-4253-11e5-b03f-554c22cd','',NULL,1,1,'2015-09-14 13:13:11','bat','3e527be0-4253-11e5-b03f-554c22cd'),('4703c3d7-52d0-11e5-a72f-94de802c',NULL,'3e527be0-4253-11e5-b03f-554c22cd','3e527be1-4253-11e5-b03f-554c22cd','',NULL,1,1,'2015-09-04 12:13:40','bat','3e527be0-4253-11e5-b03f-554c22cd'),('56d9f02a-516b-11e5-906d-94de80c7',NULL,'3e527be0-4253-11e5-b03f-554c22cd','3e527be1-4253-11e5-b03f-554c22cd','',NULL,2,2,'2015-09-02 17:38:36','bat','3e527be0-4253-11e5-b03f-554c22cd'),('6221125c-aed7-11e5-87a4-94de80c7','3e4c1340-4253-11e5-b03f-554c22cd','3e527be0-4253-11e5-b03f-554c22cd','3e527be1-4253-11e5-b03f-554c22cd','',NULL,20,4,'2015-12-30 14:56:19','bat','3e527be0-4253-11e5-b03f-554c22cd'),('820cc68c-5206-11e5-b1fe-94de802c',NULL,'3e527be0-4253-11e5-b03f-554c22cd','3e527be1-4253-11e5-b03f-554c22cd','',NULL,1,2,'2015-09-03 12:09:20','bat','3e527be0-4253-11e5-b03f-554c22cd'),('ac7cbc46-55df-11e5-96b0-94de802c',NULL,'3e527be0-4253-11e5-b03f-554c22cd','3e527be1-4253-11e5-b03f-554c22cd','',NULL,1,1,'2015-09-08 09:41:26','bat','3e527be0-4253-11e5-b03f-554c22cd'),('b4e4d229-551a-11e5-ad03-94de802c',NULL,'3e527be0-4253-11e5-b03f-554c22cd','3e527be1-4253-11e5-b03f-554c22cd','',NULL,1,1,'2015-09-07 10:11:29','bat','3e527be0-4253-11e5-b03f-554c22cd'),('b93bb640-9753-11e6-a6ba-94de80c7','e0040600-b915-11e5-9fd5-f96d879e','a7b3b860-d47a-11e5-8477-e5d110a4','a7b3b861-d47a-11e5-8477-e5d110a4','',NULL,12,4,'2016-10-21 11:30:52','bat','a7b3b860-d47a-11e5-8477-e5d110a4'),('caf1cb11-d47a-11e5-84ae-94de80c7','e0040600-b915-11e5-9fd5-f96d879e','a7b3b860-d47a-11e5-8477-e5d110a4','a7b3b861-d47a-11e5-8477-e5d110a4','',NULL,20,4,'2016-02-16 12:29:16','bowl','a7b3b861-d47a-11e5-8477-e5d110a4'),('dabc28c2-912b-11e6-95cc-94de80c7','e0040600-b915-11e5-9fd5-f96d879e','a7b3b860-d47a-11e5-8477-e5d110a4','a7b3b861-d47a-11e5-8477-e5d110a4','',NULL,12,4,'2016-10-13 15:30:22','bat','a7b3b860-d47a-11e5-8477-e5d110a4'),('eb27cefb-5c34-11e5-822e-94de802c','3e4c1340-4253-11e5-b03f-554c22cd','3e527be0-4253-11e5-b03f-554c22cd','3e527be1-4253-11e5-b03f-554c22cd','',NULL,1,1,'2015-09-16 11:06:45','bat','3e527be0-4253-11e5-b03f-554c22cd'),('fa1ec4f0-56b1-11e5-a8a6-94de802c',NULL,'3e527be0-4253-11e5-b03f-554c22cd','3e527be1-4253-11e5-b03f-554c22cd','',NULL,1,1,'2015-09-09 10:46:51','bat','3e527be0-4253-11e5-b03f-554c22cd');
/*!40000 ALTER TABLE `match_info` ENABLE KEYS */;
UNLOCK TABLES;

--
-- Table structure for table `match_team`
--

DROP TABLE IF EXISTS `match_team`;
/*!40101 SET @saved_cs_client     = @@character_set_client */;
/*!40101 SET character_set_client = utf8 */;
CREATE TABLE `match_team` (
  `id` int(3) NOT NULL,
  `match_id` int(3) NOT NULL,
  `score` int(5) NOT NULL,
  PRIMARY KEY (`id`)
) ENGINE=InnoDB DEFAULT CHARSET=latin1;
/*!40101 SET character_set_client = @saved_cs_client */;

--
-- Dumping data for table `match_team`
--

LOCK TABLES `match_team` WRITE;
/*!40000 ALTER TABLE `match_team` DISABLE KEYS */;
/*!40000 ALTER TABLE `match_team` ENABLE KEYS */;
UNLOCK TABLES;

--
-- Table structure for table `news_feed`
--

DROP TABLE IF EXISTS `news_feed`;
/*!40101 SET @saved_cs_client     = @@character_set_client */;
/*!40101 SET character_set_client = utf8 */;
CREATE TABLE `news_feed` (
  `id` int(3) NOT NULL AUTO_INCREMENT,
  `news` varchar(255) DEFAULT NULL,
  `created_on` datetime DEFAULT NULL,
  `created_by` varchar(50) DEFAULT NULL,
  `status` enum('1','0') DEFAULT NULL,
  PRIMARY KEY (`id`)
) ENGINE=InnoDB AUTO_INCREMENT=4 DEFAULT CHARSET=latin1;
/*!40101 SET character_set_client = @saved_cs_client */;

--
-- Dumping data for table `news_feed`
--

LOCK TABLES `news_feed` WRITE;
/*!40000 ALTER TABLE `news_feed` DISABLE KEYS */;
INSERT INTO `news_feed` VALUES (1,'Hello tomorrow will be final match.....!!!','2015-12-18 17:25:02','Vikash','0'),(2,'fdfdfdfdfdfdffd','2016-01-12 15:49:33','Vikash','0'),(3,'Hello tomorrow is match.','2016-10-13 15:35:22','Vikash','0');
/*!40000 ALTER TABLE `news_feed` ENABLE KEYS */;
UNLOCK TABLES;

--
-- Table structure for table `newtable`
--

DROP TABLE IF EXISTS `newtable`;
/*!40101 SET @saved_cs_client     = @@character_set_client */;
/*!40101 SET character_set_client = utf8 */;
CREATE TABLE `newtable` (
  `id` int(3) NOT NULL DEFAULT '0',
  `username` varchar(100) DEFAULT NULL,
  `password` varchar(50) NOT NULL
) ENGINE=InnoDB DEFAULT CHARSET=latin1;
/*!40101 SET character_set_client = @saved_cs_client */;

--
-- Dumping data for table `newtable`
--

LOCK TABLES `newtable` WRITE;
/*!40000 ALTER TABLE `newtable` DISABLE KEYS */;
INSERT INTO `newtable` VALUES (1,'vikash.kumar@osscube.com','vikash'),(2,'jyoti.kumari@osscube.com','jyoti');
/*!40000 ALTER TABLE `newtable` ENABLE KEYS */;
UNLOCK TABLES;

--
-- Table structure for table `over`
--

DROP TABLE IF EXISTS `over`;
/*!40101 SET @saved_cs_client     = @@character_set_client */;
/*!40101 SET character_set_client = utf8 */;
CREATE TABLE `over` (
  `id` int(3) NOT NULL,
  `match_id` char(32) DEFAULT NULL,
  `team_id` char(32) DEFAULT NULL,
  `six` int(3) NOT NULL,
  `four` int(3) NOT NULL,
  `run` int(3) NOT NULL,
  `wicket` int(3) NOT NULL,
  `bowler_id` int(3) NOT NULL,
  `wide` int(3) NOT NULL,
  `noball` int(3) NOT NULL,
  PRIMARY KEY (`id`)
) ENGINE=InnoDB DEFAULT CHARSET=latin1;
/*!40101 SET character_set_client = @saved_cs_client */;

--
-- Dumping data for table `over`
--

LOCK TABLES `over` WRITE;
/*!40000 ALTER TABLE `over` DISABLE KEYS */;
/*!40000 ALTER TABLE `over` ENABLE KEYS */;
UNLOCK TABLES;

--
-- Table structure for table `player`
--

DROP TABLE IF EXISTS `player`;
/*!40101 SET @saved_cs_client     = @@character_set_client */;
/*!40101 SET character_set_client = utf8 */;
CREATE TABLE `player` (
  `id` int(3) NOT NULL AUTO_INCREMENT,
  `team_id` char(32) DEFAULT '0',
  `first_name` varchar(50) DEFAULT NULL,
  `last_name` varchar(50) DEFAULT NULL,
  `phone` varchar(15) DEFAULT NULL,
  `email` varchar(100) DEFAULT NULL,
  `address` varchar(200) DEFAULT NULL,
  `image` varchar(255) DEFAULT NULL,
  `run` int(5) DEFAULT NULL,
  `wicket` int(5) DEFAULT NULL,
  `no_of_match` int(4) DEFAULT NULL,
  `no_of_six` int(4) DEFAULT NULL,
  `match_id` char(32) DEFAULT NULL,
  `oss_id` varchar(50) DEFAULT NULL,
  PRIMARY KEY (`id`)
) ENGINE=InnoDB AUTO_INCREMENT=16 DEFAULT CHARSET=latin1;
/*!40101 SET character_set_client = @saved_cs_client */;

--
-- Dumping data for table `player`
--

LOCK TABLES `player` WRITE;
/*!40000 ALTER TABLE `player` DISABLE KEYS */;
INSERT INTO `player` VALUES (1,'3e527be0-4253-11e5-b03f-554c22cd','hg','gh','5655','fgfg@drgfg.hbhj','hggh',NULL,NULL,NULL,NULL,NULL,'6221125c-aed7-11e5-87a4-94de80c7','gf'),(2,'3e527be1-4253-11e5-b03f-554c22cd','ff','dfs','56456','df@dfds.jkg','ghf',NULL,NULL,NULL,NULL,NULL,'6221125c-aed7-11e5-87a4-94de80c7','fd'),(3,'3e527be1-4253-11e5-b03f-554c22cd','df','dfs','545tsefg','fgf@dfdg.jhhg','jhg',NULL,NULL,NULL,NULL,NULL,'6221125c-aed7-11e5-87a4-94de80c7','sdf'),(4,'3e527be0-4253-11e5-b03f-554c22cd','fg','fffgh','566565','fghfh@fghg.yhg','ghfg',NULL,NULL,NULL,NULL,NULL,'6221125c-aed7-11e5-87a4-94de80c7','fghf'),(5,'3e527be1-4253-11e5-b03f-554c22cd','gf','gf','43','dgg@drgd.jhfhj','ghf',NULL,NULL,NULL,NULL,NULL,'6221125c-aed7-11e5-87a4-94de80c7','gfh'),(6,'3e527be1-4253-11e5-b03f-554c22cd','df','fg','45646','gdfgd@hggj.hggh','dghd',NULL,NULL,NULL,NULL,NULL,'0','ghd'),(7,'3e527be0-4253-11e5-b03f-554c22cd','trty','tyr','6756765','tgd@tgfhfg.jgf','fhf',NULL,NULL,NULL,NULL,NULL,'6221125c-aed7-11e5-87a4-94de80c7','tyhfyh'),(8,'e009f970-b915-11e5-9fd5-f96d879e','mukesh','kumar','111111','kmr.mish@gmail.com','noida',NULL,NULL,NULL,NULL,NULL,'06c70800-b916-11e5-94a0-94de80c7','25425'),(9,'e00a2080-b915-11e5-9fd5-f96d879e','vikash','kumar','8786768686','vikash.kumar@osscube.com','qwwsds',NULL,NULL,NULL,NULL,NULL,'06c70800-b916-11e5-94a0-94de80c7','jnh'),(10,'e009f970-b915-11e5-9fd5-f96d879e','sdsd','sds','sdsd','sds@gmail.com','sdsd',NULL,NULL,NULL,NULL,NULL,'06c70800-b916-11e5-94a0-94de80c7','sdsd'),(11,'e00a2080-b915-11e5-9fd5-f96d879e','sdssd','sds','sdsd','vikash2696@gmail.com','sdsd',NULL,NULL,NULL,NULL,NULL,'06c70800-b916-11e5-94a0-94de80c7','dsd'),(12,'a7b3b860-d47a-11e5-8477-e5d110a4','Rohit','Dhiman','56434444','rohit.dhiman@osscube.com','noida',NULL,NULL,NULL,NULL,NULL,'b93bb640-9753-11e6-a6ba-94de80c7','25412'),(13,'a7b3b861-d47a-11e5-8477-e5d110a4','vikash','kumar','9555311126','rohit2696@gmail.com','qwwsds',NULL,NULL,NULL,NULL,NULL,'b93bb640-9753-11e6-a6ba-94de80c7','jnh'),(14,'a7b3b860-d47a-11e5-8477-e5d110a4','vijay','kumar','41522542','vijay@osscube.com','lljj',NULL,NULL,NULL,NULL,NULL,'b93bb640-9753-11e6-a6ba-94de80c7','v2dsd'),(15,'a7b3b861-d47a-11e5-8477-e5d110a4','ashwini','kumaR','2124412','ASHWINI@OSSCUBE.COM','NOIDA',NULL,NULL,NULL,NULL,NULL,'b93bb640-9753-11e6-a6ba-94de80c7','JKLHH');
/*!40000 ALTER TABLE `player` ENABLE KEYS */;
UNLOCK TABLES;

--
-- Table structure for table `team`
--

DROP TABLE IF EXISTS `team`;
/*!40101 SET @saved_cs_client     = @@character_set_client */;
/*!40101 SET character_set_client = utf8 */;
CREATE TABLE `team` (
  `id` char(32) NOT NULL DEFAULT '',
  `tournament_id` char(32) DEFAULT NULL,
  `team_name` varchar(100) DEFAULT NULL,
  `captain` varchar(50) DEFAULT NULL,
  `logo` varchar(255) DEFAULT NULL,
  `no_of_won_match` int(5) DEFAULT NULL,
  `no_of_loss_match` int(5) DEFAULT NULL,
  `status` varchar(50) DEFAULT NULL,
  `no_of_draw_match` int(5) DEFAULT NULL,
  PRIMARY KEY (`id`)
) ENGINE=InnoDB DEFAULT CHARSET=latin1;
/*!40101 SET character_set_client = @saved_cs_client */;

--
-- Dumping data for table `team`
--

LOCK TABLES `team` WRITE;
/*!40000 ALTER TABLE `team` DISABLE KEYS */;
INSERT INTO `team` VALUES ('3e527be0-4253-11e5-b03f-554c22cd','3e4c1340-4253-11e5-b03f-554c22cd','Team 1','Captain 1','',2,0,'',1),('3e527be1-4253-11e5-b03f-554c22cd','3e4c1340-4253-11e5-b03f-554c22cd','Team 2','Captain 2','3e527be1-4253-11e5-b03f-554c22cd.jpg',2,0,'',1),('3e527be2-4253-11e5-b03f-554c22cd','3e4c1340-4253-11e5-b03f-554c22cd','Team 3','Captain 3','',1,1,'',0),('3e527be3-4253-11e5-b03f-554c22cd','3e4c1340-4253-11e5-b03f-554c22cd','Team 4','Captain 4','',1,1,'',0),('a7b3b860-d47a-11e5-8477-e5d110a4','e0040600-b915-11e5-9fd5-f96d879e','Team 1','Captain 1','',0,0,'',0),('a7b3b861-d47a-11e5-8477-e5d110a4','e0040600-b915-11e5-9fd5-f96d879e','Team 2','Captain 2','',0,0,'',0),('a7b3df70-d47a-11e5-8477-e5d110a4','e0040600-b915-11e5-9fd5-f96d879e','Team 3','Captain 3','',0,0,'',0),('abdc45c0-4253-11e5-b502-94de80c7','86b990ff-4253-11e5-b502-94de80c7','Team 1','Captain 1','',2,0,'',1);
/*!40000 ALTER TABLE `team` ENABLE KEYS */;
UNLOCK TABLES;

--
-- Table structure for table `tournament`
--

DROP TABLE IF EXISTS `tournament`;
/*!40101 SET @saved_cs_client     = @@character_set_client */;
/*!40101 SET character_set_client = utf8 */;
CREATE TABLE `tournament` (
  `id` char(32) NOT NULL,
  `tournament_name` varchar(100) NOT NULL,
  `tournament_year` int(4) NOT NULL,
  `no_of_teams` int(3) NOT NULL,
  `max_number_of_players` int(3) NOT NULL,
  PRIMARY KEY (`id`)
) ENGINE=InnoDB DEFAULT CHARSET=latin1;
/*!40101 SET character_set_client = @saved_cs_client */;

--
-- Dumping data for table `tournament`
--

LOCK TABLES `tournament` WRITE;
/*!40000 ALTER TABLE `tournament` DISABLE KEYS */;
INSERT INTO `tournament` VALUES ('3e4c1340-4253-11e5-b03f-554c22cd','OPL 3',2015,4,14),('86b990ff-4253-11e5-b502-94de80c7','OPL 2',2014,1,12),('e0040600-b915-11e5-9fd5-f96d879e','OPL# ',2016,3,11);
/*!40000 ALTER TABLE `tournament` ENABLE KEYS */;
UNLOCK TABLES;
/*!40103 SET TIME_ZONE=@OLD_TIME_ZONE */;

/*!40101 SET SQL_MODE=@OLD_SQL_MODE */;
/*!40014 SET FOREIGN_KEY_CHECKS=@OLD_FOREIGN_KEY_CHECKS */;
/*!40014 SET UNIQUE_CHECKS=@OLD_UNIQUE_CHECKS */;
/*!40101 SET CHARACTER_SET_CLIENT=@OLD_CHARACTER_SET_CLIENT */;
/*!40101 SET CHARACTER_SET_RESULTS=@OLD_CHARACTER_SET_RESULTS */;
/*!40101 SET COLLATION_CONNECTION=@OLD_COLLATION_CONNECTION */;
/*!40111 SET SQL_NOTES=@OLD_SQL_NOTES */;

-- Dump completed on 2016-10-21 17:38:04
